LIG_ID,smiles,name,molecular_weight,formula,logP,molecular_wt_calculated,havy_atom_count,hydrogen_acceptors,hydrogen_donors,rotatable_bonds,amide_bonds,ring_count
0,COC1=CC(=CC(OC)=C1O)C1=[O+]C2=C(C=C1OC1OC(COC(=O)\C=C\C3=CC=C(O)C=C3)C(O)C(O)C1O)C(O)=CC(O)=C2,Malvidin 3-O-(6''-p-coumaroyl-glucoside),639.58,C32H31O14,2.6635000000000018,639.5860000000015,46,13,7,18,0,5
1,CC(=O)OCC1OC(OC2=CC3=C(O)C=C(O)C=C3[O+]=C2C2=CC(O)=C(O)C(O)=C2)C(O)C(O)C1O,Delphinidin 3-O-(6''-acetyl-galactoside),507.421,C23H23O13,0.6583999999999999,507.4239999999999,36,12,8,14,0,4
2,[H][C@]1(COC(C)=O)O[C@@]([H])(OC2=CC3=C(O)C=C(O)C=C3[O+]=C2C2=CC=C(O)C(O)=C2)[C@]([H])(O)[C@@]([H])(O)[C@@]1([H])O,Cyanidin 3-O-(6''-acetyl-galactoside),491.422,C23H23O12,0.9527999999999994,491.4249999999999,35,11,7,13,0,4
3,OC[C@H]1O[C@@H](OC2=CC3=C(O)C=C(O)C=C3[O+]=C2C2=CC(O)=C(O)C=C2)[C@H](O)[C@@H](O)[C@H]1O,Cyanidin 3-O-galactoside,449.385,C21H21O11,0.3820000000000002,449.38799999999986,32,10,8,12,0,4
4,OC[C@H]1O[C@@H](OC2=CC3=C(C=C(O)C=C3O)[O+]=C2C2=CC(O)=C(O)C=C2)[C@H](O)[C@@H](O)[C@@H]1O,Cyanidin 3-O-glucoside,449.385,C21H21O11,0.3820000000000002,449.38799999999986,32,10,8,12,0,4
5,C[C@@H]1O[C@@H](OC[C@H]2O[C@@H](OC3=CC4=C(O)C=C(O)C=C4[O+]=C3C3=CC(O)=C(O)C=C3)[C@H](O)[C@@H](O)[C@@H]2O)[C@H](O)[C@H](O)[C@H]1O,Cyanidin 3-O-rutinoside,595.526,C27H31O15,-0.7662,595.5300000000016,42,14,10,17,0,5
6,OC[C@H]1O[C@@H](O[C@H]2[C@H](OC3=CC4=C(O)C=C(O)C=C4[O+]=C3C3=CC(O)=C(O)C=C3)O[C@H](CO)[C@@H](O)[C@@H]2O)[C@H](O)[C@@H](O)[C@@H]1O,Cyanidin 3-O-sophoroside,611.525,C27H31O16,-1.7938000000000014,611.5290000000016,43,15,11,18,0,5
7,OC[C@@H]1O[C@H](OC2=CC3=C(O)C=C(O)C=C3[O+]=C2C2=CC=C(O)C=C2)[C@@H](O)[C@H](O)[C@H]1O,Pelargonidin 3-O-glucoside,433.385,C21H21O10,0.6763999999999999,433.38899999999984,31,9,7,11,0,4
8,O[C@@H]1[C@@H](COC(=O)CC(O)=O)O[C@@H](OC2=CC3=C(O)C=C(O)C=C3[O+]=C2C2=CC(O)=C(O)C=C2)[C@H](O)[C@H]1O,Cyanidin 3-O-(6''-malonyl-glucoside),535.431,C24H23O14,0.4075999999999987,535.4340000000012,38,13,8,14,0,4
9,COC1=C(O)C=CC(=C1)C1=[O+]C2=CC(O)=CC(O)=C2C=C1O,Peonidin,301.271,C16H13O6,3.2119000000000004,301.2739999999998,22,5,4,7,0,3
10,COC1=C(O)C=CC(=C1)C1=[O+]C2=CC(O)=CC(O)=C2C=C1O[C@@H]1O[C@H](CO)[C@@H](O)[C@H](O)[C@H]1O,Peonidin 3-O-glucoside,463.411,C22H23O11,0.6850000000000003,463.41499999999985,33,10,7,13,0,4
11,[H][C@@]1(C)O[C@@]([H])(OC[C@@]2([H])O[C@@]([H])(OC3=CC4=C(C=C(O)C=C4O)[O+]=C3C3=CC(OC)=C(O)C=C3)[C@]([H])(O)[C@@]([H])(O)[C@]2([H])O)[C@]([H])(O)[C@]([H])(O)[C@@]1([H])O,Peonidin 3-O-rutinoside,609.553,C28H33O15,-0.4632000000000004,609.5570000000016,43,14,9,18,0,5
12,C[C@@H]1O[C@@H](OC[C@H]2O[C@@H](OC3=CC4=C(O)C=C(O)C=C4[O+]=C3C3=CC=C(O)C=C3)[C@H](O)[C@@H](O)[C@@H]2O)[C@H](O)[C@H](O)[C@H]1O,Pelargonidin 3-O-rutinoside,579.527,C27H31O14,-0.47180000000000055,579.5310000000015,41,13,9,16,0,5
13,OC1=CC=C(C=C1)C1=[O+]C2=C(C=C1O)C(O)=CC(O)=C2,Pelargonidin,271.245,C15H11O5,3.2033000000000005,271.24799999999976,20,4,4,5,0,3
14,OC1=CC(O)=C2C=C(O)C(=[O+]C2=C1)C1=CC(O)=C(O)C=C1,Cyanidin,287.244,C15H11O6,2.9089,287.2469999999998,21,5,5,6,0,3
15,COC1=CC(=CC(OC)=C1O)C1=C(O[C@@H]2O[C@H](CO)[C@@H](O)[C@H](O)[C@H]2O)C=C2C(O[C@@H]3O[C@H](CO)[C@@H](O)[C@H](O)[C@H]3O)=CC(O)=CC2=[O+]1,"Malvidin 3,5-O-diglucoside",655.578,C29H35O17,-1.8333000000000004,655.5820000000016,46,16,10,21,0,5
16,CC1OC(OCC2OC(OC3=CC4=C(O)C=C(O)C=C4[O+]=C3C3=CC=C(O)C(O)=C3)C(OC3OC(CO)C(O)C(O)C3O)C(O)C2O)C(O)C(O)C1O,Cyanidin 3-O-glucosyl-rutinoside,757.667,C33H41O20,-2.9419999999999997,757.6710000000019,53,19,13,23,0,6
17,OC[C@H]1O[C@@H](O[C@H]2[C@H](OC3=CC4=C(O)C=C(O)C=C4[O+]=C3C3=CC=C(O)C=C3)O[C@H](CO)[C@@H](O)[C@@H]2O)[C@H](O)[C@@H](O)[C@@H]1O,Pelargonidin 3-O-sophoroside,595.526,C27H31O15,-1.4994000000000012,595.5300000000016,42,14,10,17,0,5
18,[H][C@@]1(C)O[C@@]([H])(OC[C@@]2([H])O[C@@]([H])(OC3=CC4=C(C=C(O)C=C4O)[O+]=C3C3=CC=C(O)C=C3)[C@]([H])(O[C@]3([H])OC(CO)[C@@]([H])(O)[C@]([H])(O)[C@@]3([H])O)[C@@]([H])(O)[C@]2([H])O)[C@]([H])(O)[C@]([H])(O)[C@@]1([H])O,Pelargonidin 3-O-glucosyl-rutinoside,741.667,C33H41O19,-2.6475999999999993,741.672000000002,52,18,12,22,0,6
19,[H][C@]1(COC(=O)CCC(O)=O)O[C@@]([H])(OC2=CC3=C(O)C=C(O)C=C3[O+]=C2C2=CC=C(O)C(O)=C2)[C@]([H])(O)[C@@]([H])(O)[C@]1([H])O,Cyanidin 3-O-(6''-succinyl-glucoside),549.458,C25H25O14,0.7976999999999992,549.4610000000014,39,13,8,15,0,4
20,[H][C@]1(COC(=O)CCC(O)=O)O[C@@]([H])(OC2=CC3=C(O)C=C(O)C=C3[O+]=C2C2=CC=C(O)C=C2)[C@]([H])(O)[C@@]([H])(O)[C@]1([H])O,Pelargonidin 3-O-(6''-succinyl-glucoside),533.458,C25H25O13,1.0920999999999987,533.4620000000011,38,12,7,14,0,4
21,OCC1OC(OC2=CC3=C(O)C=C(O)C=C3[O+]=C2C2=CC(O)=C(O)C(O)=C2)C(O)C(O)C1O,Delphinidin 3-O-galactoside,465.384,C21H21O12,0.08759999999999984,465.3869999999999,33,11,9,13,0,4
22,OC[C@H]1O[C@@H](OC2=CC3=C(C=C(O)C=C3O)[O+]=C2C2=CC(O)=C(O)C(O)=C2)[C@H](O)[C@@H](O)[C@@H]1O,Delphinidin 3-O-glucoside,465.384,C21H21O12,0.08759999999999984,465.3869999999999,33,11,9,13,0,4
23,O[C@H]1CO[C@H](OC2=CC3=C(O)C=C(O)C=C3[O+]=C2C2=CC(O)=C(O)C(O)=C2)[C@H](O)[C@H]1O,Delphinidin 3-O-arabinoside,435.358,C20H19O11,0.7266999999999999,435.3609999999999,31,10,8,11,0,4
24,COC1=C(O)C(O)=CC(=C1)C1=[O+]C2=C(C=C1OC1OC(CO)C(O)C(O)C1O)C(O)=CC(O)=C2,Petunidin 3-O-galactoside,479.411,C22H23O12,0.3905999999999992,479.4139999999999,34,11,8,14,0,4
25,[H][C@@]1(CO)O[C@]([H])(OC2=CC3=C(C=C(O)C=C3O)[O+]=C2C2=CC(O)=C(O)C=C2)[C@]([H])(O)[C@@]1([H])O,Cyanidin 3-O-arabinoside,419.359,C20H19O10,1.0211000000000001,419.36199999999985,30,9,7,11,0,4
26,COC1=C(O)C(O)=CC(=C1)C1=[O+]C2=C(C=C1O[C@@H]1O[C@H](CO)[C@@H](O)[C@H](O)[C@H]1O)C(O)=CC(O)=C2,Petunidin 3-O-glucoside,479.411,C22H23O12,0.3905999999999992,479.4139999999999,34,11,8,14,0,4
27,[H][C@]1(CO)O[C@@]([H])(OC2=CC3=C(C=C(O)C=C3O)[O+]=C2C2=CC(OC)=C(O)C=C2)[C@]([H])(O)[C@@]([H])(O)[C@@]1([H])O,Peonidin 3-O-galactoside,463.411,C22H23O11,0.6849999999999994,463.41499999999985,33,10,7,13,0,4
28,[H][C@@]1(O)CO[C@]([H])(OC2=CC3=C(O)C=C(O)C=C3[O+]=C2C2=CC(O)=C(O)C(OC)=C2)[C@]([H])(O)[C@]1([H])O,Petunidin 3-O-arabinoside,449.385,C21H21O11,1.0296999999999992,449.38799999999986,32,10,7,12,0,4
29,COC1=CC(=CC(OC)=C1O)C1=[O+]C2=CC(O)=CC(O)=C2C=C1O[C@@H]1O[C@H](CO)[C@@H](O)[C@H](O)[C@H]1O,Malvidin 3-O-glucoside,493.437,C23H25O12,0.6936000000000004,493.44099999999986,35,11,7,15,0,4
30,COC1=CC(=CC(OC)=C1O)C1=[O+]C2=CC(O)=CC(O)=C2C=C1O[C@H]1OC[C@H](O)[C@H](O)[C@H]1O,Malvidin 3-O-arabinoside,463.411,C22H23O11,1.3327000000000002,463.41499999999985,33,10,6,13,0,4
31,[H][C@]1(COC(C)=O)O[C@@]([H])(OC2=C([O+]=C3C=C(O)C=C(O)C3=C2)C2=CC(O)=C(O)C(O)=C2)[C@]([H])(O)[C@@]([H])(O)[C@]1([H])O,Delphinidin 3-O-(6''-acetyl-glucoside),507.421,C23H23O13,0.6583999999999994,507.4239999999999,36,12,8,14,0,4
32,[H][C@]1(COC(C)=O)OC(OC2=C([O+]=C3C=C(O)C=C(O)C3=C2)C2=CC(O)=C(O)C(OC)=C2)[C@]([H])(O)[C@@]([H])(O)[C@@]1([H])O,Petunidin 3-O-(6''-acetyl-galactoside),521.448,C24H25O13,0.9613999999999989,521.4510000000005,37,12,7,15,0,4
33,[H][C@]1(COC(C)=O)OC(OC2=C([O+]=C3C=C(O)C=C(O)C3=C2)C2=CC(OC)=C(O)C=C2)[C@]([H])(O)[C@@]([H])(O)[C@@]1([H])O,Peonidin 3-O-(6''-acetyl-galactoside),505.448,C24H25O12,1.2557999999999987,505.4519999999999,36,11,6,14,0,4
34,[H][C@]1(COC(C)=O)O[C@@]([H])(OC2=CC3=C(O)C=C(O)C=C3[O+]=C2C2=CC=C(O)C(O)=C2)[C@]([H])(O)[C@@]([H])(O)[C@]1([H])O,Cyanidin 3-O-(6''-acetyl-glucoside),491.422,C23H23O12,0.9527999999999994,491.4249999999999,35,11,7,13,0,4
35,[H][C@]1(COC(C)=O)OC(OC2=C([O+]=C3C=C(O)C=C(O)C3=C2)C2=CC(OC)=C(O)C(OC)=C2)[C@]([H])(O)[C@@]([H])(O)[C@@]1([H])O,Malvidin 3-O-(6''-acetyl-galactoside),535.474,C25H27O13,1.264399999999999,535.4780000000012,38,12,6,16,0,4
36,[H][C@]1(COC(C)=O)O[C@@]([H])(OC2=CC3=C(O)C=C(O)C=C3[O+]=C2C2=CC(OC)=C(O)C(O)=C2)[C@]([H])(O)[C@@]([H])(O)[C@]1([H])O,Petunidin 3-O-(6''-acetyl-glucoside),521.448,C24H25O13,0.9613999999999994,521.4510000000005,37,12,7,15,0,4
37,COC1=CC(=CC(OC)=C1O)C1=[O+]C2=C(C=C1OC1OC(COC(C)=O)C(O)C(O)C1O)C(O)=CC(O)=C2,Malvidin 3-O-(6''-acetyl-glucoside),535.474,C25H27O13,1.2643999999999993,535.4780000000012,38,12,6,16,0,4
38,[H][C@]1(COC(C)=O)O[C@@]([H])(OC2=CC3=C(C=C(O)C=C3O)[O+]=C2C2=CC(OC)=C(O)C=C2)[C@]([H])(O)[C@@]([H])(O)[C@]1([H])O,Peonidin 3-O-(6''-acetyl-glucoside),505.448,C24H25O12,1.2557999999999991,505.4519999999999,36,11,6,14,0,4
39,[H][C@]1(CO)O[C@]([H])(OC2=CC3=C(O)C=C(O)C=C3[O+]=C2C2=CC=C(O)C=C2)[C@@]([H])(O)[C@]1([H])O,Pelargonidin 3-O-arabinoside,403.359,C20H19O9,1.3155,403.36299999999983,29,8,6,10,0,4
40,C[C@@H]1O[C@@H](OC[C@H]2O[C@@H](OC3=CC4=C(O)C=C(O)C=C4[O+]=C3C3=CC(O)=C(O)C(O)=C3)[C@H](O)[C@@H](O)[C@@H]2O)[C@H](O)[C@H](O)[C@H]1O,Delphinidin 3-O-rutinoside,611.525,C27H31O16,-1.0606000000000002,611.5290000000016,43,15,11,18,0,5
41,[Cl-].OC[C@H]1O[C@@H](OC2=CC3=C(O)C=C(O)C=C3[O+]=C2C2=CC(O)=C(O)C=C2)[C@H](O[C@@H]2OC[C@@H](O)[C@H](O)[C@H]2O)[C@@H](O)[C@@H]1O,Cyanidin 3-O-sambubioside,616.952,C26H29ClO15,-4.150699999999996,616.9560000000015,42,14,10,16,0,5
42,O[C@@H]1[C@@H](COC(=O)CC(O)=O)O[C@@H](OC2=CC3=C(O)C=C(O)C=C3[O+]=C2C2=CC=C(O)C=C2)[C@H](O)[C@H]1O,Pelargonidin 3-O-(6''-malonyl-glucoside),519.432,C24H23O13,0.7019999999999988,519.4350000000004,37,12,7,13,0,4
43,[H][C@]1(COC(=O)\C=C\C2=CC=C(O)C=C2)OC(OC2=C([O+]=C3C=C(O)C=C(O)C3=C2)C2=CC(OC)=C(O)C=C2)[C@]([H])(O)[C@@]([H])(O)[C@]1([H])O,Peonidin 3-O-(6''-p-coumaroyl-glucoside),609.554,C31H29O13,2.6549000000000027,609.5600000000015,44,12,7,16,0,5
44,[H][C@]1(CO)O[C@@]([H])(OC2=CC3=C(C=C(O)C=C3O)[O+]=C2C2=CC(O)=C(O)C=C2)[C@]([H])(O)[C@@]1([H])O,Cyanidin 3-O-xyloside,419.359,C20H19O10,1.0211000000000001,419.36199999999985,30,9,7,11,0,4
45,[Cl-].COC1=CC(=CC(OC)=C1O)C1=[O+]C2=CC(O)=CC(O)=C2C=C1O[C@@H]1O[C@H](CO)[C@H](O)[C@H](O)[C@H]1O,Malvidin 3-O-galactoside,528.89,C23H25ClO12,-2.3024,528.8940000000009,36,11,7,15,0,4
46,[H][C@@]1(O)CO[C@]([H])(OC2=CC3=C(O)C=C(O)C=C3[O+]=C2C2=CC(O)=C(O)C(OC)=C2)[C@]([H])(O)[C@]1([H])O,Peonidin 3-O-arabinoside,449.385,C21H21O11,1.0296999999999992,449.38799999999986,32,10,7,12,0,4
47,[H][C@@]1(C)O[C@@]([H])(OC[C@@]2([H])O[C@@]([H])(OC3=CC4=C(C=C(O)C=C4O)[O+]=C3C3=CC(O)=C(O)C=C3)[C@]([H])(O)[C@@]([H])(O)[C@]2([H])O)[C@]([H])(O)[C@]([H])(O)[C@@]1([H])O,Petunidin 3-O-rutinoside,595.526,C27H31O15,-0.7662,595.5300000000016,42,14,10,17,0,5
48,[H][C@]1(CO)O[C@@]([H])(OC2=C([O+]=C3C=C(O)C=C(O)C3=C2)C2=CC(O)=C(O)C(O)=C2)[C@]([H])(O)[C@@]1([H])O,Delphinidin 3-O-xyloside,435.358,C20H19O11,0.7266999999999995,435.3609999999999,31,10,8,12,0,4
49,[H][C@]1(COC(=O)\C=C\C2=CC=C(O)C=C2)OC(OC2=C([O+]=C3C=C(O)C=C(O)C3=C2)C2=CC(O)=C(O)C(OC)=C2)[C@]([H])(O)[C@@]([H])(O)[C@]1([H])O,Petunidin 3-O-(6''-p-coumaroyl-glucoside),625.554,C31H29O14,2.360500000000003,625.5590000000014,45,13,8,17,0,5
50,OC[C@H]1O[C@H](OC2=CC3=C(O)C=C(O)C=C3[O+]=C2C2=CC=C(O)C=C2)[C@H](O)[C@@H](O)[C@H]1O,Pelargonidin 3-O-galactoside,433.385,C21H21O10,0.6763999999999999,433.38899999999984,31,9,7,11,0,4
51,[H][C@@]1(O)CO[C@@]([H])(O[C@@]2([H])[C@@]([H])(OC3=CC4=C(C=C(O)C=C4O)[O+]=C3C3=CC=C(O)C=C3)O[C@]([H])(CO)[C@@]([H])(O)[C@]2([H])O)[C@]([H])(O)[C@@]1([H])O,Pelargonidin 3-O-sambubioside,565.5,C26H29O14,-0.8603000000000007,565.5040000000015,40,13,9,15,0,5
52,OCC1OC(OC2=CC3=C(O)C=C(O)C=C3[O+]=C2C2=CC(O)=C(O)C(O)=C2)C(OC2OCC(O)C(O)C2O)C(O)C1O,Delphinidin 3-O-sambubioside,597.499,C26H29O16,-1.4491000000000003,597.5020000000014,42,15,11,17,0,5
53,CC1OC(OCC2OC(OC3=CC4=C(O)C=C(O)C=C4[O+]=C3C3=CC=C(O)C(O)=C3)C(OC3OCC(O)C(O)C3O)C(O)C2O)C(O)C(O)C1O,Cyanidin 3-O-xylosyl-rutinoside,727.641,C32H39O19,-2.3028999999999997,727.6450000000018,51,18,12,21,0,6
54,COC1=CC(=CC(OC)=C1O)C1=[O+]C2=C3C(OC(=CC3=C1O[C@@H]1O[C@H](CO)[C@@H](O)[C@H](O)[C@H]1O)C(O)=O)=CC(O)=C2,Vitisin A,561.468,C26H25O14,0.8058999999999996,561.4720000000013,40,13,7,15,0,5
55,O[C@@H]1[C@@H](COC(=O)\C=C\C2=CC=C(O)C=C2)O[C@@H](OC2=CC3=C(O)C=C(O)C=C3[O+]=C2C2=CC(O)=C(O)C(O)=C2)[C@H](O)[C@H]1O,Delphinidin 3-O-(6''-p-coumaroyl-glucoside),611.527,C30H27O14,2.0575000000000014,611.5320000000014,44,13,9,16,0,5
56,COC1=CC(=CC(OC)=C1O)C1=[O+]C2=C3C(OC(=CC3=C1O[C@@H]1O[C@H](CO)[C@@H](O)[C@H](O)[C@H]1O)C1=CC=C(O)C=C1)=CC(O)=C2,Pigment A,609.554,C31H29O13,2.5841000000000003,609.5600000000014,44,12,7,16,0,6
57,OC1C(COC(=O)\C=C\C2=CC=C(O)C=C2)OC(OC2=CC3=C(O)C=C(O)C=C3[O+]=C2C2=CC=C(O)C(O)=C2)C(O)C1O,Cyanidin 3-O-(6''-p-coumaroyl-glucoside),595.528,C30H27O13,2.351900000000002,595.5330000000014,43,12,8,15,0,5
58,OCC1OC(OC2=C3C=C(OC4OC(CO)C(O)C(O)C4OC4OCC(O)C(O)C4O)C(=[O+]C3=CC(O)=C2)C2=CC=C(O)C(O)=C2)C(O)C(O)C1O,Cyanidin 3-O-sambubioside 5-O-glucoside,743.64,C32H39O20,-3.6815999999999973,743.6440000000017,52,19,13,22,0,6
59,O[C@@H]1[C@@H](COC(=O)\C=C\C2=CC(O)=C(O)C=C2)O[C@@H](OC2=CC3=C(O)C=C(O)C=C3[O+]=C2C2=CC(O)=C(O)C=C2)[C@H](O)[C@H]1O,Cyanidin 3-O-(6''-caffeoyl-glucoside),611.527,C30H27O14,2.0575000000000023,611.5320000000014,44,13,9,16,0,5
60,OC[C@H]1O[C@@H](OC2=CC(O)=CC3=[O+]C(=C(O[C@@H]4O[C@H](CO)[C@@H](O)[C@H](O)[C@H]4O)C=C23)C2=CC(O)=C(O)C=C2)[C@H](O)[C@@H](O)[C@@H]1O,"Cyanidin 3,5-O-diglucoside",611.525,C27H31O16,-2.1449000000000007,611.5290000000016,43,15,11,18,0,5
61,[H][C@]1(CO)O[C@@]([H])(OC2=C3C=C(OC4=CC(O)=CC([O+]=C2C2=CC(OC)=C(O)C(OC)=C2)=C34)C2=CC=C(O)C(O)=C2)[C@]([H])(O)[C@@]([H])(O)[C@]1([H])O,Pinotin A,625.554,C31H29O14,2.289700000000003,625.5590000000014,45,13,8,17,0,6
62,OC[C@H]1O[C@@H](OC2=CC(O)=CC3=[O+]C(=C(O[C@@H]4O[C@H](CO)[C@@H](O)[C@H](O)[C@H]4O)C=C23)C2=CC(O)=C(O)C(O)=C2)[C@H](O)[C@@H](O)[C@@H]1O,"Delphinidin 3,5-O-diglucoside",627.525,C27H31O17,-2.4393000000000016,627.5280000000015,44,16,12,19,0,5
63,[Cl-].OC[C@H]1O[C@@H](OC2=CC(O)=CC3=[O+]C(=C(O[C@@H]4O[C@H](CO)[C@@H](O)[C@H](O)[C@H]4O)C=C23)C2=CC=C(O)C=C2)[C@H](O)[C@@H](O)[C@@H]1O,"Pelargonidin 3,5-O-diglucoside",630.979,C27H31ClO15,-4.846499999999989,630.9830000000015,43,14,10,17,0,5
64,[H][C@]1(COC(=O)\C=C\C2=CC(O)=C(O)C=C2)OC(OC2=CC3=C(C=C(O)C=C3O)[O+]=C2C2=CC(OC)=C(O)C(OC)=C2)[C@]([H])(O)[C@@]([H])(O)[C@]1([H])O,Malvidin 3-O-(6''-caffeoyl-glucoside),655.58,C32H31O15,2.3691000000000026,655.5850000000015,47,14,8,19,0,5
65,OC1C(O)C(COC(=O)C(=O)OC(=O)C([O-])=O)OC(OC2=CC3=C(O)C=C(O)C=C3[O+]=C2C2=CC=C(O)C(O)=C2)C1O,Cyanidin 3-O-(6''-dioxalyl-glucoside),592.416,C25H20O17,-2.2473999999999994,592.4180000000011,42,16,7,12,0,4
66,OC[C@H]1O[C@@H](OC[C@H]2O[C@@H](OC3=CC4=C(O)C=C(O)C=C4[O+]=C3C3=CC(O)=C(O)C(O)=C3)[C@H](O)[C@@H](O)[C@@H]2O)[C@H](O)[C@@H](O)[C@@H]1O,Delphinidin 3-O-glucosyl-glucoside,627.525,C27H31O17,-2.088200000000001,627.5280000000015,44,16,12,19,0,5
67,[H][C@]1(CO)O[C@@]([H])(O[C@@]2([H])[C@]([H])(O)[C@@]([H])(COC(=O)CC(O)=O)O[C@@]([H])(OC3=CC4=C(O)C=C(O)C=C4[O+]=C3C3=CC=C(O)C(O)=C3)[C@]2([H])O)[C@]([H])(O)[C@@]([H])(O)[C@]1([H])O,Cyanidin 3-O-(6''-malonyl-3''-glucosyl-glucoside),697.572,C30H33O19,-1.768200000000001,697.5750000000015,49,18,11,20,0,5
68,[H][C@]1(COC(=O)\C=C\C2=CC(OC)=C(O)C=C2)O[C@@]([H])(OC2=C([O+]=C3C=C(O)C=C(O)C3=C2)C2=CC(O)=C(O)C(O)=C2)[C@]([H])(O)[C@@]([H])(O)[C@]1([H])O,Delphinidin 3-O-feruloyl-glucoside,641.553,C31H29O15,2.0661000000000027,641.5580000000015,46,14,9,18,0,5
69,COC1=C(O)C(O)=CC(=C1)C1=[O+]C2=C(C=C1OC1OC(CO)C(O)C(O)C1O)C(OC1OC(CO)C(O)C(O)C1O)=CC(O)=C2,"Petunidin 3,5-O-diglucoside",641.551,C28H33O17,-2.1363000000000003,641.5550000000015,45,16,11,20,0,5
70,COC1=C(O)C(O)=CC(=C1)C1=[O+]C2=C(C=CC(O)=C2)C=C1OC1OC(C)C(O)C(O)C1O,Petunidin 3-O-rhamnoside,447.412,C22H23O10,1.7126000000000008,447.4159999999998,32,9,6,12,0,4
71,OC1=CC(O)=C(C=C1)C(=O)\C=C\C1=CC(O)=C(O)C=C1,Butein,272.253,C15H12O5,2.405100000000001,272.25599999999974,20,5,4,7,0,2
72,COC1=C(C(=O)\C=C\C2=CC=C(O)C=C2)C(O)=C(CC=C(C)C)C(O)=C1,Xanthohumol,354.396,C21H22O5,4.216800000000003,354.4019999999997,26,5,3,12,0,2
73,OC1=CC=C(CCC(=O)C2=C(O)C=C(O)C=C2O)C=C1,Phloretin,274.269,C15H14O5,2.3245000000000013,274.2719999999997,20,5,4,8,0,2
74,OCC1OC(OC2=CC(O)=CC(O)=C2C(=O)CCC2=CC=C(O)C=C2)C(O)C(O)C1O,Phloridzin,436.409,C21H24O10,-0.20240000000000025,436.4129999999998,31,10,7,14,0,3
75,[H][C@]1(CO)O[C@@]([H])(O[C@@]2([H])[C@]([H])(OC3=C(C(=O)CCC4=CC=C(O)C=C4)C(O)=CC(O)=C3)O[C@]([H])(CO)[C@@]([H])(O)[C@]2([H])O)[C@]([H])(O)[C@@]1([H])O,Phloretin 2'-O-xylosyl-glucoside,568.524,C26H32O14,-1.7391000000000005,568.5280000000016,40,14,9,19,0,4
76,[H][C@@]1(O)CO[C@@]([H])(OC[C@@]2([H])O[C@@]([H])(OC3=CC(O)=CC(O)=C3C(=O)CCC3=CC(O)=C(O)C=C3)[C@]([H])(O)[C@@]([H])(O)[C@]2([H])O)[C@]([H])(O)[C@@]1([H])O,3-Hydroxyphloretin 2'-O-xylosyl-glucoside,584.523,C26H32O15,-2.0335000000000014,584.5270000000016,41,15,10,19,0,4
77,[H][C@]1(CO)O[C@@]([H])(OC2=CC(O)=CC(O)=C2C(=O)CCC2=CC(O)=C(O)C=C2)[C@]([H])(O)[C@@]([H])(O)[C@]1([H])O,3-Hydroxyphloretin 2'-O-glucoside,452.409,C21H24O11,-0.49680000000000035,452.4119999999998,32,11,8,15,0,3
78,C[C@@H]1O[C@@H](O[C@@H]2[C@H](OC3=CC(O)=CC(O)=C3C2=O)C2=CC(O)=C(O)C=C2)[C@H](O)[C@H](O)[C@H]1O,Dihydroquercetin 3-O-rhamnoside,450.393,C21H22O11,0.03809999999999941,450.39599999999984,32,11,7,11,0,4
79,OC1[C@H](OC2=CC(O)=CC(O)=C2C1=O)C1=CC(O)=C(O)C=C1,Dihydroquercetin,304.252,C15H12O7,1.1862999999999995,304.2539999999998,22,7,5,6,0,3
80,CC1OC(OC2C(OC3=CC(O)=CC(O)=C3C2=O)C2=CC(O)=C(O)C(O)=C2)C(O)C(O)C1O,Dihydromyricetin 3-O-rhamnoside,466.392,C21H22O12,-0.25630000000000036,466.39499999999987,33,12,8,12,0,4
81,O[C@H]1CC2=C(O)C=C(O)C=C2O[C@@H]1C1=CC(O)=C(O)C=C1,(+)-Catechin,290.268,C15H14O6,1.5460999999999994,290.27099999999973,21,6,5,6,0,3
82,O[C@@H]1CC2=C(O)C=C(O)C=C2O[C@@H]1C1=CC(O)=C(O)C=C1,(-)-Epicatechin,290.268,C15H14O6,1.5460999999999994,290.27099999999973,21,6,5,6,0,3
83,O[C@H]1CC2=C(O)C=C(O)C=C2O[C@@H]1C1=CC(O)=C(O)C(O)=C1,(+)-Gallocatechin,306.267,C15H14O7,1.2516999999999994,306.26999999999975,22,7,6,7,0,3
84,O[C@@H]1CC2=C(O)C=C(O)C=C2O[C@@H]1C1=CC(O)=C(O)C(O)=C1,(-)-Epigallocatechin,306.267,C15H14O7,1.2516999999999994,306.26999999999975,22,7,6,7,0,3
85,OC1=CC(O)=C2C[C@@H](OC(=O)C3=CC(O)=C(O)C(O)=C3)[C@H](OC2=C1)C1=CC=C(O)C(O)=C1,(-)-Epicatechin 3-O-gallate,442.372,C22H18O10,2.5276000000000005,442.3759999999999,32,10,7,10,0,4
86,OC1=CC(O)=C2C[C@@H](OC(=O)C3=CC(O)=C(O)C(O)=C3)[C@H](OC2=C1)C1=CC(O)=C(O)C(O)=C1,(-)-Epigallocatechin 3-O-gallate,458.372,C22H18O11,2.2332,458.37499999999994,33,11,8,11,0,4
87,[H][C@@]1(OC2=CC(O)=CC(O)=C2C[C@H]1O)C1=CC(O)=C(O)C2=C(O)C(=O)C=C(C=C12)[C@H]1OC2=CC(O)=CC(O)=C2C[C@H]1O,Theaflavin,564.494,C29H24O12,2.2134000000000005,564.4990000000013,41,12,9,11,0,6
88,[H][C@@]1(OC2=CC(O)=CC(O)=C2C[C@H]1OC(=O)C1=CC(O)=C(O)C(O)=C1)C1=CC(O)=C(O)C2=C(O)C(=O)C=C(C=C12)[C@H]1OC2=CC(O)=CC(O)=C2C[C@H]1O,Theaflavin 3-O-gallate,716.598,C36H28O16,3.1949000000000036,716.6040000000013,52,16,11,15,0,7
89,O[C@@H]1CC2=C(O)C=C(O)C=C2O[C@@H]1C1=CC2=C(C(O)=C(O)C=C2[C@H]2OC3=C(C[C@H]2OC(=O)C2=CC(O)=C(O)C(O)=C2)C(O)=CC(O)=C3)C(=O)C(O)=C1,Theaflavin 3'-O-gallate,716.598,C36H28O16,3.1949000000000023,716.6040000000013,52,16,11,15,0,7
90,[H][C@@]1(OC2=CC(OC(=O)C3=CC(O)=C(O)C(O)=C3)=CC(O)=C2C[C@H]1O)C1=CC(O)=C(OC(=O)C2=CC(O)=C(O)C(O)=C2)C2=C(O)C(=O)C=C(C=C12)C1OC2=CC(O)=CC(O)=C2C[C@H]1O,"Theaflavin 3,3'-O-digallate",868.702,C43H32O20,3.4742000000000073,868.7090000000012,63,20,13,19,0,8
91,OC1=CC(O)=C2C[C@H](OC(=O)C3=CC(O)=C(O)C(O)=C3)[C@H](OC2=C1)C1=CC(O)=C(O)C(O)=C1,(+)-Gallocatechin 3-O-gallate,458.372,C22H18O11,2.2332,458.37499999999994,33,11,8,11,0,4
92,OC1=CC2=C(CC(OC(=O)C3=CC(O)=C(O)C(O)=C3)C(O2)C2=CC(O)=C(O)C=C2)C(O)=C1,(+)-Catechin 3-O-gallate,442.372,C22H18O10,2.5276000000000014,442.3759999999999,32,10,7,10,0,4
93,[H][C@]1(O)CC2=C(O)C=C(O)C(=C2O[C@]1([H])C1=CC=C(O)C(O)=C1)[C@@]1([H])C2=C(O)C=C(O)C=C2O[C@]([H])(C2=CC=C(O)C(O)=C2)[C@]1([H])O,Procyanidin dimer B1,578.52,C30H26O12,2.9950000000000023,578.5260000000013,42,12,10,13,0,6
94,[H][C@]1([C@@H](O)[C@H](OC2=CC(O)=CC(O)=C12)C1=CC(O)=C(O)C=C1)C1=C(O)C=C(O)C2=C1O[C@@H]([C@H](O)C2)C1=CC(O)=C(O)C=C1,Procyanidin dimer B2,578.52,C30H26O12,2.995,578.5260000000013,42,12,10,13,0,6
95,[H][C@@]1([C@H](O)[C@H](OC2=CC(O)=CC(O)=C12)C1=CC(O)=C(O)C=C1)C1=C(O)C=C(O)C2=C1O[C@@H]([C@@H](O)C2)C1=CC(O)=C(O)C=C1,Procyanidin dimer B3,578.52,C30H26O12,2.995,578.5260000000013,42,12,10,13,0,6
96,[H][C@@]1([C@H](O)[C@H](OC2=CC(O)=CC(O)=C12)C1=CC(O)=C(O)C=C1)C1=C(O)C=C(O)C2=C1O[C@@H]([C@H](O)C2)C1=CC(O)=C(O)C=C1,Procyanidin dimer B4,578.52,C30H26O12,2.995,578.5260000000013,42,12,10,13,0,6
97,[H][C@]1([C@H](O)[C@H](OC2=CC(O)=CC(O)=C12)C1=CC(O)=C(O)C=C1)C1=C(O)C2=C(O[C@@H]([C@H](O)C2)C2=CC(O)=C(O)C=C2)C=C1O,Procyanidin dimer B5,578.52,C30H26O12,2.9950000000000014,578.5260000000013,42,12,10,13,0,6
98,[H][C@@]1([C@H](O)[C@H](OC2=CC(O)=CC(O)=C12)C1=CC(O)=C(O)C=C1)C1=C(O)C2=C(O[C@@H]([C@H](O)C2)C2=CC(O)=C(O)C=C2)C=C1O,Procyanidin dimer B7,578.52,C30H26O12,2.9950000000000014,578.5260000000013,42,12,10,13,0,6
99,OC1CC2=C(O)C=C(O)C(C3C(O)C(OC4=CC(O)=CC(O)=C34)C3=CC(O)=C(O)C(O)=C3)=C2OC1C1=CC(O)=C(O)C(O)=C1,Prodelphinidin dimer B3,610.519,C30H26O14,2.4062,610.5240000000014,44,14,12,15,0,6
100,[H][C@]1([C@@H](O)[C@H](OC2=CC(O)=CC(O)=C12)C1=CC(O)=C(O)C=C1)C1=C2O[C@@H]([C@H](O)[C@@]([H])(C3=C(O)C=C(O)C4=C3O[C@@H]([C@H](O)C4)C3=CC(O)=C(O)C=C3)C2=C(O)C=C1O)C1=CC(O)=C(O)C=C1,Procyanidin trimer C1,866.772,C45H38O18,4.4439000000000135,866.7810000000014,63,18,15,20,0,9
101,[H][C@]1(O)CC2=C(O[C@]1([H])C1=CC=C(O)C(O)=C1)C(C1C3=C(O[C@]([H])(C4=CC=C(O)C(O)=C4)[C@]1([H])O)C(C1C4=C(O[C@]([H])(C5=CC=C(O)C(O)=C5)[C@]1([H])O)C=C(O)C=C4O)=C(O)C=C3O)=C(O)C=C2O,Procyanidin trimer EEC,866.772,C45H38O18,4.443900000000014,866.7810000000017,63,18,15,20,0,9
102,OC1CC2=C(O)C=C(O)C(C3C(O)C(OC4=C(C5C(O)C(OC6=CC(O)=CC(O)=C56)C5=CC(O)=C(O)C=C5)C(O)=CC(O)=C34)C3=CC(O)=C(O)C=C3)=C2OC1C1=CC(O)=C(O)C=C1,Procyanidin trimer T2,866.772,C45H38O18,4.4439000000000135,866.7810000000014,63,18,15,20,0,9
103,[H][C@]1(O)CC2=C(O[C@]1([H])C1=CC=C(O)C(O)=C1)C(=C(O)C=C2O)[C@]1([H])C2=C(O[C@]([H])(C3=CC=C(O)C(O)=C3)[C@@]1([H])O)C(=C(O)C=C2O)[C@]1([H])C2=C(O[C@]([H])(C3=CC=C(O)C(O)=C3)[C@@]1([H])O)C=C(O)C=C2O,Procyanidin trimer C2,866.772,C45H38O18,4.443900000000014,866.7810000000014,63,18,15,20,0,9
104,[H][C@]1(CO)O[C@]([H])(O[C@]2([H])[C@]3([H])C4=C(O[C@]2(OC2=C3C3=C(CC[C@]([H])(O3)C3=CC(O)=C(O)C=C3)C=C2)C2=CC(O)=C(O)C=C2)C=C(O)C=C4O)[C@]([H])(O)[C@@]([H])(O)[C@@]1([H])O,(-)-Epicatechin-(2a-7)(4a-8)-epicatechin 3-O-galactoside,706.646,C36H34O15,1.9413000000000022,706.6530000000016,51,15,10,15,0,8
105,O[C@@H]1CC2=C(O)C=C(O)C([C@@H]3[C@@H](O)[C@H](OC4=C([C@@H]5[C@@H](O)[C@H](OC6=C([C@@H]7[C@@H](O)[C@H](OC8=CC(O)=CC(O)=C78)C7=CC=C(O)C(O)=C7)C(O)=CC(O)=C56)C5=CC=C(O)C(O)=C5)C(O)=CC(O)=C34)C3=CC=C(O)C(O)=C3)=C2O[C@@H]1C1=CC=C(O)C(O)=C1,Cinnamtannin A2,1155.02,C60H50O24,5.89280000000002,1155.0360000000016,84,24,20,27,0,12
106,OCC1OC(OC2CC3=C(OC2C2=CC(O)=C(O)C=C2)C=C(O)C=C3O)C(O)C(O)C1O,(+)-Catechin 3-O-glucose,452.409,C21H24O11,-0.6297000000000006,452.4119999999998,32,11,8,12,0,4
107,OC1=CC=C(C=C1)[C@@H]1CC(=O)C2=C(O)C=C(O)C=C2O1,Naringenin,272.253,C15H12O5,2.509900000000001,272.25599999999974,20,5,3,4,0,3
108,OC1=CC(O)=C2C(=O)C[C@H](OC2=C1)C1=CC(O)=C(O)C=C1,Eriodictyol,288.252,C15H12O6,2.2155000000000014,288.25499999999977,21,6,4,5,0,3
109,COC1=C(O)C=C(C=C1)[C@@H]1CC(=O)C2=C(O)C=C(O)C=C2O1,Hesperetin,302.279,C16H14O6,2.5185000000000004,302.28199999999975,22,6,3,6,0,3
110,C[C@@H]1O[C@@H](OC[C@H]2O[C@@H](OC3=CC(O)=C4C(=O)C[C@H](OC4=C3)C3=CC(O)=C(O)C=C3)[C@H](O)[C@@H](O)[C@@H]2O)[C@H](O)[C@H](O)[C@H]1O,Eriocitrin,596.534,C27H32O15,-1.4596000000000011,596.5380000000016,42,15,9,16,0,5
111,COC1=C(O)C=C(C=C1)[C@@H]1CC(=O)C2=C(O)C=C(O[C@@H]3O[C@H](CO[C@@H]4O[C@@H](C)[C@H](O)[C@@H](O)[C@H]4O)[C@@H](O)[C@H](O)[C@H]3O)C=C2O1,Hesperidin,610.561,C28H34O15,-1.1566000000000003,610.5650000000016,43,15,8,17,0,5
112,C[C@@H]1O[C@@H](O[C@@H]2[C@@H](O)[C@H](O)[C@@H](CO)O[C@H]2OC2=CC(O)=C3C(=O)C[C@H](OC3=C2)C2=CC=C(O)C=C2)[C@H](O)[C@H](O)[C@H]1O,Naringin,580.535,C27H32O14,-1.1652000000000018,580.5390000000016,41,14,8,15,0,5
113,C[C@@H]1O[C@@H](OC[C@H]2O[C@@H](OC3=CC(O)=C4C(=O)C[C@H](OC4=C3)C3=CC=C(O)C=C3)[C@H](O)[C@@H](O)[C@@H]2O)[C@H](O)[C@H](O)[C@H]1O,Narirutin,580.535,C27H32O14,-1.1652000000000007,580.5390000000016,41,14,8,15,0,5
114,C[C@@H]1O[C@@H](O[C@@H]2[C@@H](O)[C@H](O)[C@@H](CO)O[C@H]2OC2=CC(O)=C3C(=O)C[C@H](OC3=C2)C2=CC(O)=C(O)C=C2)[C@H](O)[C@H](O)[C@H]1O,Neoeriocitrin,596.534,C27H32O15,-1.4596000000000016,596.5380000000016,42,15,9,16,0,5
115,COC1=C(O)C=C(C=C1)[C@@H]1CC(=O)C2=C(O)C=C(O[C@@H]3O[C@H](CO)[C@@H](O)[C@H](O)[C@H]3O[C@@H]3O[C@@H](C)[C@H](O)[C@@H](O)[C@H]3O)C=C2O1,Neohesperidin,610.561,C28H34O15,-1.1566000000000003,610.5650000000016,43,15,8,17,0,5
116,COC1=CC=C(C=C1)[C@@H]1CC(=O)C2=C(O)C=C(O[C@@H]3O[C@H](CO)[C@@H](O)[C@H](O)[C@H]3O[C@@H]3O[C@@H](C)[C@H](O)[C@@H](O)[C@H]3O)C=C2O1,Poncirin,594.561,C28H34O14,-0.8622000000000003,594.5660000000016,42,14,7,16,0,5
117,COC1=CC=C(C=C1)[C@@H]1CC(=O)C2=C(O)C=C(O[C@@H]3O[C@H](CO[C@@H]4O[C@@H](C)[C@H](O)[C@@H](O)[C@H]4O)[C@@H](O)[C@H](O)[C@H]3O)C=C2O1,Didymin,594.561,C28H34O14,-0.8622000000000001,594.5660000000016,42,14,7,16,0,5
118,CC1OC(OCC2OC(OC3=CC4=C(C(=O)CC(O4)C4=CC=C(OC5OC(CO)C(O)C(O)C5O)C=C4)C(O)=C3)C(O)C(O)C2O)C(O)C(O)C1O,Narirutin 4'-O-glucoside,742.675,C33H42O19,-3.692099999999997,742.6800000000019,52,19,11,21,0,6
119,C[C@@H]1O[C@@H](O[C@@H]2[C@@H](O)[C@H](O)[C@@H](CO)O[C@H]2OC2=CC(O)=C3C(=O)C[C@H](OC3=C2)C2=CC=C(O[C@@H]3O[C@H](CO)[C@@H](O)[C@H](O)[C@H]3O)C=C2)[C@H](O)[C@H](O)[C@H]1O,Naringin 4'-O-glucoside,434.393,C21H22O10,-3.692099999999995,742.6800000000019,52,19,11,21,0,6
120,C[C@@H]1O[C@@H](O[C@@H]2[C@@H](O)[C@H](O)[C@@H](COC(=O)CC(O)=O)O[C@H]2OC2=CC(O)=C3C(=O)C[C@H](OC3=C2)C2=CC=C(O[C@@H]3O[C@H](CO)[C@@H](O)[C@H](O)[C@H]3O)C=C2)[C@H](O)[C@H](O)[C@H]1O,Naringin 6'-malonate,666.581,C30H34O17,-3.6664999999999934,828.7260000000019,58,22,11,23,0,6
121,OC[C@H]1O[C@@H](OC2=CC(O)=C3C(=O)C[C@H](OC3=C2)C2=CC=C(O)C=C2)[C@H](O)[C@@H](O)[C@@H]1O,Naringenin 7-O-glucoside,434.393,C21H22O10,-0.017000000000000515,434.3969999999998,31,10,6,10,0,4
122,OC1=CC(O)=C2C(=O)C[C@H](OC2=C1)C1=CC=CC=C1,Pinocembrin,256.253,C15H12O4,2.8043000000000005,256.25700000000006,19,4,2,3,0,3
123,CC(C)=CCC1=C2OC(CC(=O)C2=C(O)C=C1O)C1=CC=C(O)C=C1,8-Prenylnaringenin,340.37,C20H20O5,4.018600000000003,340.3749999999997,25,5,3,8,0,3
124,CC(C)=CCC1=C(O)C=C2O[C@@H](CC(=O)C2=C1O)C1=CC=C(O)C=C1,6-Prenylnaringenin,340.37,C20H20O5,4.018600000000003,340.3749999999997,25,5,3,8,0,3
125,CC(C)=CCC\C(C)=C\CC1=C(O)C2=C(O[C@@H](CC2=O)C2=CC=C(O)C=C2)C=C1O,6-Geranylnaringenin,408.487,C25H28O5,5.745100000000007,408.49399999999963,30,5,3,12,0,3
126,COC1=C2C(=O)CC(OC2=C(CC=C(C)C)C(O)=C1)C1=CC=C(O)C=C1,Isoxanthohumol,354.396,C21H22O5,4.321600000000004,354.4019999999997,26,5,2,9,0,3
127,OC[C@H]1O[C@H](OC2=CC(O)=C3C(=O)CC(OC3=C2)C2=CC(O)=C(O)C=C2)[C@H](O)[C@@H](O)[C@@H]1O,Eriodictyol 7-O-glucoside,450.393,C21H22O11,-0.31140000000000034,450.39599999999984,32,11,7,11,0,4
128,COC1=CC(O)=C2C(=O)CC(OC2=C1)C1=CC=C(O)C=C1,Sakuranetin,286.279,C16H14O5,2.812900000000001,286.28299999999973,21,5,2,5,0,3
129,OC1=CC=C(C=C1)C1=CC(=O)C2=C(O)C=C(O)C=C2O1,Apigenin,270.237,C15H10O5,2.5768000000000004,270.2399999999998,20,5,3,4,0,3
130,OC1=CC(O)=C2C(=O)C=C(OC2=C1)C1=CC(O)=C(O)C=C1,Luteolin,286.236,C15H10O6,2.282400000000001,286.2389999999998,21,6,4,5,0,3
131,COC1=C(O)C=C(C=C1)C1=CC(=O)C2=C(O)C=C(O[C@@H]3O[C@H](CO[C@@H]4O[C@@H](C)[C@H](O)[C@@H](O)[C@H]4O)[C@@H](O)[C@H](O)[C@H]3O)C=C2O1,Diosmin,608.545,C28H32O15,-1.0897000000000006,608.5490000000016,43,15,8,17,0,5
132,C[C@H]1O[C@H](OC[C@H]2O[C@@H](OC3=CC(O)=C4C(=O)C=C(OC4=C3)C3=CC=C(O)C=C3)[C@H](O)[C@@H](O)[C@@H]2O)[C@@H](O)[C@@H](O)[C@@H]1O,Isorhoifolin,578.519,C27H30O14,-1.0983000000000007,578.5230000000015,41,14,8,15,0,5
133,COC1=C(O)C=C(C=C1)C1=CC(=O)C2=C(O1)C=C(OC1OC(CO)C(O)C(O)C1OC1OC(C)C(O)C(O)C1O)C=C2O,Neodiosmin,608.545,C28H32O15,-1.0897000000000006,608.5490000000016,43,15,8,17,0,5
134,C[C@@H]1O[C@@H](O[C@@H]2[C@@H](O)[C@H](O)[C@@H](CO)O[C@H]2OC2=CC(O)=C3C(=O)C=C(OC3=C2)C2=CC=C(O)C=C2)[C@H](O)[C@H](O)[C@H]1O,Rhoifolin,578.519,C27H30O14,-1.098300000000001,578.5230000000015,41,14,8,15,0,5
135,COC1=C(OC)C=C(C=C1)C1=CC(=O)C2=C(OC)C(OC)=C(OC)C=C2O1,Sinensetin,372.369,C20H20O7,3.503000000000003,372.37299999999976,27,7,0,11,0,3
136,COC1=C(OC)C=C(C=C1)C1=CC(=O)C2=C(O1)C(OC)=C(OC)C(OC)=C2OC,Nobiletin,402.395,C21H22O8,3.5116000000000023,402.3989999999998,29,8,0,13,0,3
137,COC1=CC=C(C=C1)C1=CC(=O)C2=C(O1)C(OC)=C(OC)C(OC)=C2OC,Tangeretin,372.369,C20H20O7,3.503000000000003,372.37299999999976,27,7,0,11,0,3
138,[H][C@@]1(OC(=O)[C@@]2([H])O[C@@]([H])(OC3=CC(O)=C4C(=O)C=C(OC4=C3)C3=CC=C(O)C(O)=C3)[C@]([H])(O)[C@@]([H])(O)[C@]2([H])O)O[C@]([H])(C(O)=O)[C@@]([H])(O)[C@]([H])(O)[C@@]1([H])O,Luteolin 7-O-diglucuronide,638.484,C27H26O18,-2.8013999999999997,638.4870000000013,45,18,10,15,0,5
139,OC1=CC(O)=C2C(=O)C=C(OC2=C1)C1=CC=CC=C1,Chrysin,254.238,C15H10O4,2.871200000000001,254.24100000000004,19,4,2,3,0,3
140,C[C@@H]1O[C@@H](OC[C@H]2O[C@@H](OC3=CC(O)=C4C(=O)C=C(OC4=C3)C3=CC(O)=C(O)C=C3)[C@H](O)[C@@H](O)[C@@H]2O)[C@H](O)[C@H](O)[C@H]1O,Luteolin 7-O-rutinoside,594.518,C27H30O15,-1.3927000000000012,594.5220000000015,42,15,9,16,0,5
141,COC1=CC=C(C=C1)C1=CC(=O)C2=C(OC)C(OC)=C(OC)C=C2O1,Tetramethylscutellarein,342.343,C19H18O6,3.4944000000000024,342.34699999999975,25,6,0,9,0,3
142,OC[C@H]1O[C@@H](OC2=CC(O)=C3C(=O)C=C(OC3=C2)C2=CC(O)=C(O)C=C2)[C@H](O)[C@@H](O)[C@@H]1O,Luteolin 7-O-glucoside,448.377,C21H20O11,-0.24450000000000038,448.3799999999999,32,11,7,11,0,4
143,[H][C@]1(CO)O[C@@]([H])(OC2=CC(O)=C3C(=O)C=C(OC3=C2)C2=CC=C(O)C=C2)[C@]([H])(O)[C@@]([H])(O)[C@]1([H])O,Apigenin 7-O-glucoside,420.41,C21H24O9,0.049899999999999556,432.38099999999986,31,10,6,10,0,4
144,[H][C@]1(O[C@H](CO)[C@@H](O)[C@H](O)[C@H]1O)C1=C(O)C(=C2OC(=CC(=O)C2=C1O)C1=CC=C(O)C=C1)[C@]1([H])O[C@H](CO)[C@@H](O)[C@H](O)[C@H]1O,"Apigenin 6,8-di-C-glucoside",594.518,C27H30O15,-2.3934,594.5220000000015,42,15,11,16,0,5
145,O[C@@H]1[C@@H](O)[C@H](OC2=CC(O)=C3C(=O)C=C(OC3=C2)C2=CC(O)=C(O)C=C2)O[C@@H]([C@H]1O)C(O)=O,Luteolin 7-O-glucuronide,462.36,C21H18O12,-0.15220000000000045,462.36299999999994,33,12,7,10,0,4
146,O[C@@H]1[C@@H](O)[C@H](OC2=CC(O)=C3C(=O)C=C(OC3=C2)C2=CC=C(O)C=C2)O[C@@H]([C@H]1O)C(O)=O,Apigenin 7-O-glucuronide,446.361,C21H18O11,0.14219999999999972,446.3639999999999,32,11,6,9,0,4
147,O[C@H]1[C@H](O)[C@@H](COC(=O)CC(O)=O)O[C@@H](OC2=CC(O)=C3C(=O)C=C(OC3=C2)C2=CC(O)=C(O)C=C2)[C@@H]1O,Luteolin 7-O-malonyl-glucoside,534.423,C24H22O14,-0.21890000000000037,534.4260000000012,38,14,7,13,0,4
148,[H][C@]1(O[C@H](CO)[C@@H](O)[C@H](O)[C@H]1O)C1=C(O)C2=C(OC(=CC2=O)C2=CC(O)=C(O)C=C2)C=C1O,Luteolin 6-C-glucoside,448.377,C21H20O11,-0.20270000000000027,448.3799999999999,32,11,8,11,0,4
149,[H][C@@]1(O[C@@]2([H])[C@]([H])(OC3=CC(O)=C4C(=O)C=C(OC4=C3)C3=CC=C(O)C(O)=C3)O[C@]([H])(CO)[C@@]([H])(O)[C@]2([H])O)OC[C@](O)(CO)[C@@]1([H])O,Luteolin 7-O-(2-apiosyl-glucoside),580.492,C26H28O15,-1.779600000000001,580.4950000000015,41,15,9,16,0,5
150,[H][C@@]1(O[C@@]2([H])[C@]([H])(OC3=CC(O)=C4C(=O)C=C(OC4=C3)C3=CC=C(O)C(O)=C3)O[C@]([H])(COC(=O)CC(O)=O)[C@@]([H])(O)[C@]2([H])O)OC[C@](O)(CO)[C@@]1([H])O,Luteolin 7-O-(2-apiosyl-6-malonyl)-glucoside,666.538,C29H30O18,-1.7539999999999998,666.5410000000015,47,18,9,18,0,5
151,OC[C@H]1O[C@@H](OC2=CC(O)=C3C(=O)C=C(OC3=C2)C2=CC=C(O)C=C2)[C@H](O[C@@H]2OC[C@](O)(CO)[C@@H]2O)[C@@H](O)[C@@H]1O,Apigenin 7-O-apiosyl-glucoside,564.492,C26H28O14,-1.4852000000000012,564.4960000000015,40,14,8,15,0,5
152,OC1=CC2=C(C=C1)C(=O)C=C(O2)C1=CC(O)=C(O)C=C1,"7,3',4'-Trihydroxyflavone",270.237,C15H10O5,2.5768000000000013,270.2399999999998,20,5,3,4,0,3
153,OC1=CC=C(C=C1)C1=CC(=O)C2=C(O1)C=C(O)C=C2,"7,4'-Dihydroxyflavone",254.238,C15H10O4,2.871200000000001,254.24100000000004,19,4,2,3,0,3
154,COC1=C(O)C=CC(=C1)C1=CC(=O)C2=C(O1)C=C(O)C=C2,Geraldone,284.263,C16H12O5,2.8798000000000012,284.26699999999977,21,5,2,5,0,3
155,OC1=C(O)C(O)=C2C(=O)C=C(OC2=C1)C1=CC=CC=C1,Baicalein,270.237,C15H10O5,2.5768000000000004,270.2399999999998,20,5,3,4,0,3
156,[H][C@]1(O[C@H](CO)[C@@H](O)[C@H](O)[C@H]1O)C1=C(O)C2=C(OC(=CC2=O)C2=CC=C(O)C=C2)C=C1O,Apigenin 6-C-glucoside,432.378,C21H20O10,0.09169999999999995,432.38099999999986,31,10,7,10,0,4
157,COC1=C(O)C2=C(OC(=CC2=O)C2=CC=C(O)C=C2)C=C1O,Hispidulin,300.263,C16H12O6,2.5854000000000004,300.2659999999998,22,6,3,6,0,3
158,COC1=C(OC)C(O)=C2C(=O)C=C(OC2=C1)C1=CC=C(O)C=C1,Cirsimaritin,314.289,C17H14O6,2.8884000000000007,314.2929999999998,23,6,2,7,0,3
159,COC1=C(OC)C=C(C=C1)C1=CC(=O)C2=C(O1)C(OC)=C(OC)C(O)=C2O,"5,6-Dihydroxy-7,8,3',4'-tetramethoxyflavone",374.341,C19H18O8,2.9056000000000024,374.3449999999998,27,8,2,11,0,3
160,COC1=CC=C(C=C1)C1=CC(=O)C2=C(O1)C(OC)=C(OC)C(O)=C2O,Pebrellin,344.315,C18H16O7,2.897000000000002,344.3189999999998,25,7,2,9,0,3
161,COC1=CC=C(C=C1)C1=CC(=O)C2=C(O)C(OC)=C(OC)C(OC)=C2O1,Gardenin B,358.342,C19H18O7,3.200000000000002,358.3459999999998,26,7,1,10,0,3
162,COC1=C(O)C2=C(OC(=CC2=O)C2=CC(O)=C(O)C=C2)C=C1O,Nepetin,316.262,C16H12O7,2.291000000000001,316.2649999999998,23,7,4,7,0,3
163,COC1=C(O)C=CC(=C1)C1=CC(=O)C2=C(O1)C=C(O)C(OC)=C2O,Jaceosidin,330.289,C17H14O7,2.5940000000000007,330.2919999999998,24,7,3,8,0,3
164,COC1=C(O)C=CC(=C1)C1=CC(=O)C2=C(O)C(OC)=C(OC)C=C2O1,Cirsilineol,344.315,C18H16O7,2.897000000000001,344.3189999999998,25,7,2,9,0,3
165,COC1=C(O)C=C(C=C1)C1=CC(=O)C2=C(O)C(OC)=C(OC)C=C2O1,Eupatorin,344.315,C18H16O7,2.897000000000001,344.3189999999998,25,7,2,9,0,3
166,OC1=CC2=C(C(O)=C1O)C(=O)C=C(O2)C1=CC(O)=C(O)C=C1,6-Hydroxyluteolin,302.236,C15H10O7,1.988,302.23799999999983,22,7,5,6,0,3
167,CC1OC(OC2=CC3=C(C(=O)C=C(O3)C3=CC(O)=C(O)C=C3)C(O)=C2O)C(O)C(O)C1O,6-Hydroxyluteolin 7-O-rhamnoside,448.377,C21H20O11,0.4886999999999991,448.3799999999999,32,11,7,11,0,4
168,OC1=CC=C(C=C1)C1=CC(=O)C2=C(O1)C=C(O)C(O)=C2O,Scutellarein,286.236,C15H10O6,2.2824000000000004,286.2389999999998,21,6,4,5,0,3
169,[H][C@]1(COC(=O)CC(O)=O)O[C@@]([H])(OC[C@@]2([H])O[C@@]([H])(OC3=CC(O)=C4C(=O)C=C(OC4=C3)C3=CC=C(O)C=C3)[C@]([H])(O)[C@@]([H])(O)[C@]2([H])O)[C@]([H])(O)[C@]1([H])O,Apigenin 7-O-(6''-malonyl-apiosyl-glucoside),650.538,C29H30O17,-1.461199999999999,650.5420000000015,46,17,8,17,0,5
170,COC1=C(O)C=CC(=C1)C1=CC(=O)C2=C(O)C=C(O[C@@H]3O[C@H](CO)[C@@H](O)[C@H](O)[C@H]3O[C@@H]3OCC(O)(CO)[C@H]3O)C=C2O1,Chrysoeriol 7-O-apiosyl-glucoside,594.518,C27H30O15,-1.4766000000000008,594.5220000000015,42,15,8,17,0,5
171,[H][C@@]1(O[C@]2([H])[C@@]([H])(O)[C@]([H])(O)[C@@]([H])(COC(=O)CC(O)=O)O[C@@]2([H])OC2=CC3=C(C(O)=C2)C(=O)C=C(O3)C2=CC=C(O)C(OC)=C2)OC[C@](O)(CO)[C@@]1([H])O,Chrysoeriol 7-O-(6''-malonyl-apiosyl-glucoside),680.564,C30H32O18,-1.450999999999999,680.5680000000015,48,18,8,19,0,5
172,COC1=C(O)C=CC(=C1)C1=CC(=O)C2=C(O)C=C(O[C@@H]3O[C@H](CO)[C@@H](O)[C@H](O)[C@H]3O)C=C2O1,Chrysoeriol 7-O-glucoside,462.404,C22H22O11,0.05849999999999955,462.40699999999987,33,11,6,12,0,4
173,[H][C@]1(COC(=O)CC(O)=O)O[C@@]([H])(OC2=CC3=C(C(O)=C2)C(=O)C=C(O3)C2=CC=C(O)C(OC)=C2)[C@]([H])(O)[C@@]([H])(O)[C@]1([H])O,Chrysoeriol 7-O-(6''-malonyl-glucoside),548.45,C25H24O14,0.08409999999999956,548.4530000000013,39,14,6,14,0,4
174,O[C@@H]1[C@@H](O)[C@H](O[C@@H]2[C@@H](O)[C@H](O)[C@H](O[C@H]2OC2=CC(O)=C3C(=O)C=C(OC3=C2)C2=CC=C(O)C=C2)C(O)=O)O[C@@H]([C@H]1O)C(O)=O,Apigenin 7-O-diglucuronide,622.485,C27H26O17,-1.9412999999999978,622.4880000000013,44,17,9,14,0,5
175,CC1OC(OC2C(O)C(O)C(CO)OC2OC2=CC3=C(C(O)=C2)C(=O)C=C(O3)C2=CC=C(OC3OC(CO)C(O)C(O)C3O)C=C2)C(O)C(O)C1O,Rhoifolin 4'-O-glucoside,740.659,C33H40O19,-3.6251999999999973,740.6640000000018,52,19,11,21,0,6
176,OC1=CC=C(C=C1)C1=C(O)C(=O)C2=C(O)C=C(O)C=C2O1,Kaempferol,286.236,C15H10O6,2.2824,286.2389999999998,21,6,4,5,0,3
177,OC1=CC(O)=C2C(OC(=C(O)C2=O)C2=CC(O)=C(O)C=C2)=C1,Quercetin,302.236,C15H10O7,1.9879999999999998,302.23799999999983,22,7,5,6,0,3
178,OC[C@H]1O[C@@H](OC2=C(OC3=CC(O)=CC(O)=C3C2=O)C2=CC(O)=C(O)C=C2)[C@H](O)[C@@H](O)[C@H]1O,Quercetin 3-O-galactoside,464.376,C21H20O12,-0.5389000000000006,464.3789999999999,33,12,8,12,0,4
179,OC[C@H]1O[C@@H](OC2=C(OC3=CC(O)=CC(O)=C3C2=O)C2=CC(O)=C(O)C=C2)[C@H](O)[C@@H](O)[C@@H]1O,Quercetin 3-O-glucoside,464.376,C21H20O12,-0.5389000000000006,464.3789999999999,33,12,8,12,0,4
180,O[C@@H]1COC(OC2=C(OC3=CC(O)=CC(O)=C3C2=O)C2=CC(O)=C(O)C=C2)[C@H](O)[C@H]1O,Quercetin 3-O-xyloside,434.35,C20H18O11,0.1001999999999994,434.3529999999999,31,11,7,10,0,4
181,C[C@@H]1O[C@@H](OC2=C(OC3=CC(O)=CC(O)=C3C2=O)C2=CC(O)=C(O)C=C2)[C@@H](O)[C@H](O)[C@@H]1O,Quercetin 3-O-rhamnoside,448.377,C21H20O11,0.48869999999999997,448.3799999999999,32,11,7,11,0,4
182,C[C@@H]1O[C@@H](OC[C@H]2O[C@@H](OC3=C(OC4=CC(O)=CC(O)=C4C3=O)C3=CC(O)=C(O)C=C3)[C@H](O)[C@@H](O)[C@@H]2O)[C@H](O)[C@H](O)[C@H]1O,Quercetin 3-O-rutinoside,610.518,C27H30O16,-1.6871000000000014,610.5210000000015,43,16,10,17,0,5
183,OC[C@H]1O[C@@H](O[C@@H]2[C@@H](O)[C@H](O)[C@@H](CO)O[C@H]2OC2=C(OC3=CC(O)=CC(O)=C3C2=O)C2=CC(O)=C(O)C=C2)[C@H](O)[C@@H](O)[C@@H]1O,Quercetin 3-O-sophoroside,626.517,C27H30O17,-2.7147,626.5200000000015,44,17,11,18,0,5
184,O[C@H]1CO[C@@H](OC2=C(OC3=CC(O)=CC(O)=C3C2=O)C2=CC(O)=C(O)C=C2)[C@H](O)[C@H]1O,Quercetin 3-O-arabinoside,434.35,C20H18O11,0.1001999999999994,434.3529999999999,31,11,7,10,0,4
185,[H][C@]1(CO)O[C@@]([H])(OC(=O)[C@@]2([H])O[C@@]([H])(OC3=C(OC4=CC(O)=CC(O)=C4C3=O)C3=CC(O)=C(O)C=C3)[C@]([H])(O)[C@@]([H])(O)[C@]2([H])O)[C@]([H])(O)[C@@]1([H])O,Quercetin 3-O-xylosyl-glucuronide,610.474,C26H26O17,-2.549000000000001,610.4770000000013,43,17,10,16,0,5
186,[H][C@@]1(C)O[C@@]([H])(OC2=CC(O)=C3C(=O)C(O[C@]4([H])O[C@]([H])(CO)[C@@]([H])(O)[C@]([H])(O)[C@@]4([H])O)=C(OC3=C2)C2=CC(OC)=C(O)C=C2)[C@]([H])(O)[C@]([H])(O)[C@@]1([H])O,Isorhamnetin 3-O-glucoside 7-O-rhamnoside,624.544,C28H32O16,-1.7352000000000016,624.5480000000016,44,16,9,18,0,5
187,COC1=C(O)C=CC(=C1)C1=C(O[C@@H]2O[C@@H](C(C)O)[C@@H](O)[C@H]2O)C(=O)C2=C(O)C=C(O)C=C2O1,Isorhamnetin 3-O-rutinoside,462.404,C22H22O11,0.7916999999999996,462.40699999999987,33,11,6,13,0,4
188,OC1C(O)C(OC2=C(OC3=CC(O)=CC(O)=C3C2=O)C2=CC=C(O)C=C2)OC(C1O)C(O)=O,Kaempferol 3-O-glucuronide,462.36,C21H18O12,-0.15220000000000056,462.36299999999994,33,12,7,10,0,4
189,COC1=C(O)C=CC(=C1)C1=C(O)C(=O)C2=C(O)C=C(O[C@@H]3O[C@H](CO)[C@@H](O)[C@H](O)[C@H]3O)C=C2O1,Isorhamnetin 7-O-rhamnoside,478.403,C22H22O12,-0.23590000000000017,478.4059999999999,34,12,7,13,0,4
190,OC[C@H]1O[C@@H](OC2=C(O)C=C(C=C2)C2=C(O[C@@H]3O[C@H](CO)[C@@H](O)[C@H](O)[C@H]3O)C(=O)C3=C(O)C=C(O)C=C3O2)[C@H](O)[C@@H](O)[C@@H]1O,"Quercetin 3,4'-O-diglucoside",626.517,C27H30O17,-3.0658,626.5200000000015,44,17,11,18,0,5
191,CC1OC(OCC2OC(OC3=C(OC4=C(C(O)=CC(O)=C4)C3=O)C3=CC(O)=C(O)C(O)=C3)C(O)C(O)C2O)C(O)C(O)C1O,Myricetin 3-O-rutinoside,626.517,C27H30O17,-1.9815000000000011,626.5200000000015,44,17,11,18,0,5
192,OC1=CC(O)=C2C(OC(=C(O)C2=O)C2=CC(O)=C(O)C(O)=C2)=C1,Myricetin,318.235,C15H10O8,1.6936,318.23699999999985,23,8,6,7,0,3
193,OC1=CC(O)=C(C=C1)C1=C(O)C(=O)C2=C(O)C=C(O)C=C2O1,Morin,302.236,C15H10O7,1.9879999999999998,302.23799999999983,22,7,5,6,0,3
194,COC1=CC=C(C=C1)C1=C([O-])C(=O)C2=C(O)C=C(O)C=C2O1,Kaempferide,299.255,C16H11O6,1.9533999999999996,299.2579999999998,22,6,2,5,0,3
195,OC[C@H]1O[C@@H](OC2=C(OC3=CC(O)=CC(O)=C3C2=O)C2=CC(O)=C(O)C(O)=C2)[C@H](O)[C@@H](O)[C@H]1O,Myricetin 3-O-galactoside,480.376,C21H20O13,-0.8333000000000004,480.37799999999993,34,13,9,13,0,4
196,OC[C@H]1O[C@@H](OC2=CC(=CC(O)=C2O)C2=C(O)C(=O)C3=C(O)C=C(O)C=C3O2)[C@H](O)[C@@H](O)[C@@H]1O,Myricetin 3-O-glucoside,480.376,C21H20O13,-0.8333000000000004,480.37799999999993,34,13,9,13,0,4
197,[H][C@]1(CO)O[C@@]([H])(OC[C@@]2([H])O[C@@]([H])(OC3=C(OC4=CC(O)=CC(O)=C4C3=O)C3=CC(O)=C(O)C=C3)[C@]([H])(O)[C@@]([H])(O)[C@]2([H])O)[C@]([H])(O)[C@@]1([H])O,Quercetin 3-O-glucosyl-xyloside,596.491,C26H28O16,-2.075600000000001,596.4940000000014,42,16,10,17,0,5
198,[H][C@@]1(C)O[C@@]([H])(OC2=C(OC3=CC(O)=CC(O)=C3C2=O)C2=CC(O)=C(O)C=C2)[C@]([H])(OC(C)=O)[C@]([H])(O)[C@@]1([H])O,Quercetin 3-O-acetyl-rhamnoside,490.414,C23H22O12,1.0595,490.4169999999999,35,12,6,12,0,4
199,OC[C@H]1OC(OC2=C(OC3=CC(O)=CC(O)=C3C2=O)C2=CC=C(O)C=C2)[C@H](O)[C@@H](O)[C@H]1O,Kaempferol 3-O-galactoside,448.377,C21H20O11,-0.24450000000000038,448.3799999999999,32,11,7,11,0,4
200,OC1=CC(O)=C2C(OC(=C(O)C2=O)C2=CC=CC=C2)=C1,Galangin,270.237,C15H10O5,2.5768000000000004,270.2399999999998,20,5,3,4,0,3
201,COC1=C(O)C=CC(=C1)C1=C(O)C(=O)C2=C(O)C=C(O)C=C2O1,Isorhamnetin,316.262,C16H12O7,2.2910000000000004,316.2649999999998,23,7,4,7,0,3
202,OC[C@H]1O[C@@H](OC2=C(OC3=CC(O)=CC(O)=C3C2=O)C2=CC=C(O)C=C2)[C@H](O)[C@@H](O)[C@@H]1O,Kaempferol 3-O-glucoside,448.377,C21H20O11,-0.24450000000000038,448.3799999999999,32,11,7,11,0,4
203,C[C@@H]1O[C@@H](O[C@@H]2[C@@H](O)[C@H](O)[C@@H](CO)O[C@H]2OC2=CC(O)=C3C(=O)C(O)=C(OC3=C2)C2=CC=C(O)C=C2)[C@H](O)[C@H](O)[C@H]1O,Kaempferol 3-O-rutinoside,594.518,C27H30O15,-1.3927000000000012,594.5220000000015,42,15,9,16,0,5
204,[H][C@@]1(C)O[C@@]([H])(OC[C@@]2([H])O[C@@]([H])(OC3=C(OC4=CC(O)=CC(O)=C4C3=O)C3=CC=C(O)C=C3)[C@]([H])(O)[C@@]([H])(O)[C@@]2([H])O)[C@]([H])(O)[C@]([H])(O[C@]2([H])O[C@]([H])(CO)[C@@]([H])(O)[C@]([H])(O)[C@@]2([H])O)[C@@]1([H])O,Kaempferol 3-O-glucosyl-rhamnosyl-galactoside,756.659,C33H40O20,-3.568499999999999,756.6630000000018,53,20,12,22,0,6
205,[H][C@@]1(C)O[C@@]([H])(OC[C@@]2([H])O[C@@]([H])(OC3=C(OC4=CC(O)=CC(O)=C4C3=O)C3=CC=C(O)C=C3)[C@]([H])(O)[C@@]([H])(O)[C@]2([H])O)[C@]([H])(O)[C@]([H])(O[C@]2([H])O[C@]([H])(CO)[C@@]([H])(O)[C@]([H])(O)[C@@]2([H])O)[C@@]1([H])O,Kaempferol 3-O-glucosyl-rhamnosyl-glucoside,756.659,C33H40O20,-3.568499999999999,756.6630000000018,53,20,12,22,0,6
206,C[C@@H]1O[C@@H](OC[C@H]2O[C@@H](OC3=C(OC4=CC(O)=CC(O)=C4C3=O)C3=CC(O)=C(O)C=C3)[C@H](O)[C@@H](O)[C@H]2O)[C@H](O)[C@H](O[C@@H]2O[C@H](CO)[C@@H](O)[C@H](O)[C@H]2O)[C@H]1O,Quercetin 3-O-glucosyl-rhamnosyl-galactoside,772.658,C33H40O21,-3.8629000000000002,772.6620000000019,54,21,13,23,0,6
207,[H][C@@]1(C)O[C@@]([H])(OC[C@@]2([H])O[C@@]([H])(OC3=C(OC4=CC(O)=CC(O)=C4C3=O)C3=CC(O)=C(O)C=C3)[C@]([H])(O)[C@@]([H])(O)[C@]2([H])O)[C@]([H])(O)[C@]([H])(O[C@]2([H])O[C@]([H])(CO)[C@@]([H])(O)[C@]([H])(O)[C@@]2([H])O)[C@@]1([H])O,Quercetin 3-O-glucosyl-rhamnosyl-glucoside,772.658,C33H40O21,-3.8629000000000002,772.6620000000019,54,21,13,23,0,6
208,COC1=CC(O)=C2C(=O)C(O)=C(OC2=C1)C1=CC(O)=C(O)C=C1,Rhamnetin,316.262,C16H12O7,2.2910000000000013,316.2649999999998,23,7,4,7,0,3
209,COC1=C(O)C=CC(=C1)C1=C(O[C@@H]2O[C@H](CO)[C@@H](O)[C@H](O)[C@H]2O)C(=O)C2=C(O)C=C(O)C=C2O1,Isorhamnetin 3-O-glucoside,478.403,C22H22O12,-0.2359000000000006,478.4059999999999,34,12,7,13,0,4
210,C[C@@H]1O[C@@H](OC2=C(OC3=CC(O)=CC(O)=C3C2=O)C2=CC(O)=C(O)C(O)=C2)[C@H](O)[C@H](O)[C@H]1O,Myricetin 3-O-rhamnoside,464.376,C21H20O12,0.1942999999999998,464.3789999999999,33,12,8,12,0,4
211,C[C@@H]1O[C@@H](O[C@@H]2[C@@H](O)[C@@H](O)[C@@H](CO)O[C@H]2OC2=C(OC3=CC(O)=CC(O)=C3C2=O)C2=CC(O)=C(O)C=C2)[C@H](O)[C@H](O)[C@H]1O,Quercetin 3-O-rhamnosyl-galactoside,610.518,C27H30O16,-1.6871000000000005,610.5210000000015,43,16,10,17,0,5
212,OC1C(O)C(OC2=C(OC3=CC(O)=CC(O)=C3C2=O)C2=CC=C(O)C(O)=C2)OC(C1O)C(O)=O,Quercetin 3-O-glucuronide,478.36,C21H18O13,-0.4466000000000006,478.36199999999997,34,13,8,11,0,4
213,[H][C@@]1(OC2=C(OC3=CC(O)=CC(O)=C3C2=O)C2=CC(OC)=C(O)C=C2)O[C@]([H])(C(O)=O)[C@@]([H])(O)[C@]([H])(O)[C@@]1([H])O,Isorhamnetin 3-O-glucuronide,492.386,C22H20O13,-0.14360000000000012,492.38899999999995,35,13,7,12,0,4
214,OCC1OC(OC2=C(OC3=C(C(O)=CC(O)=C3)C2=O)C2=CC(O)=C(O)C(O)=C2)C(O)C1O,Myricetin 3-O-arabinoside,450.35,C20H18O12,-0.19420000000000037,450.3519999999999,32,12,8,12,0,4
215,OC[C@H]1O[C@@H](OC2=CC(O)=C3C(=O)C(O)=C(OC3=C2)C2=CC(O)=C(O[C@@H]3O[C@H](CO)[C@@H](O)[C@H](O)[C@H]3O)C=C2)[C@H](O)[C@@H](O)[C@@H]1O,"Quercetin 7,4'-O-diglucoside",626.517,C27H30O17,-3.0658,626.5200000000015,44,17,11,18,0,5
216,OC[C@H]1O[C@@H](OC2=C(O)C=C(C=C2)C2=C(O)C(=O)C3=C(O)C=C(O)C=C3O2)[C@H](O)[C@@H](O)[C@@H]1O,Quercetin 4'-O-glucoside,464.376,C21H20O12,-0.5389000000000006,464.3789999999999,33,12,8,12,0,4
217,COC1=CC(=CC=C1OC1OC(CO)C(O)C(O)C1O)C1=C(O)C(=O)C2=C(O)C=C(O)C=C2O1,Isorhamnetin 4'-O-glucoside,478.403,C22H22O12,-0.23590000000000066,478.4059999999999,34,12,7,13,0,4
218,COC1=CC(O)=C2C(=O)C(OC)=C(OC2=C1)C1=CC(O)=C(O)C=C1,"3,7-Dimethylquercetin",330.289,C17H14O7,2.594000000000001,330.2919999999998,24,7,3,8,0,3
219,OC[C@H]1O[C@@H](O[C@@H]2[C@@H](O)[C@H](O)[C@@H](CO)O[C@H]2OC2=C(OC3=CC(O)=CC(O)=C3C2=O)C2=CC=C(O)C=C2)[C@H](O)[C@@H](O)[C@@H]1O,Kaempferol 3-O-sophoroside,610.518,C27H30O16,-2.4202999999999997,610.5210000000015,43,16,10,17,0,5
220,OC[C@H]1O[C@@H](OC2=CC(O)=C3C(=O)C(O[C@@H]4O[C@H](CO)[C@@H](O)[C@H](O)[C@H]4O)=C(OC3=C2)C2=CC=C(O)C=C2)[C@H](O)[C@@H](O)[C@@H]1O,"Kaempferol 3,7-O-diglucoside",610.518,C27H30O16,-2.7714000000000003,610.5210000000015,43,16,10,17,0,5
221,OCC1OC(OC2C(O)C(O)C(CO)OC2OC2=C(OC3=CC(OC4OC(CO)C(O)C(O)C4O)=CC(O)=C3C2=O)C2=CC=C(O)C=C2)C(O)C(O)C1O,Kaempferol 3-O-sophoroside 7-O-glucoside,772.658,C33H40O21,-4.947199999999988,772.6620000000016,54,21,13,23,0,6
222,OC1C(O)C(COC(=O)CC(O)=O)OC(OC2=C(OC3=C(C(O)=CC(O)=C3)C2=O)C2=CC(O)=C(O)C=C2)C1O,"Quercetin 3-O-(6""-malonyl-glucoside)",550.422,C24H22O15,-0.5133000000000001,550.4250000000012,39,15,8,14,0,4
223,[H][C@]1(COC(=O)CC(O)=O)O[C@@]([H])(OC2=C(OC3=CC(O)=CC(O)=C3C2=O)C2=CC=C(O)C=C2)[C@]([H])(O)[C@@]([H])(O)[C@]1([H])O,"Kaempferol 3-O-(6""-malonyl-glucoside)",534.423,C24H22O14,-0.21890000000000026,534.4260000000012,38,14,7,13,0,4
224,C[C@@H]1O[C@H](OC2=C(OC3=CC(O)=CC([O-])=C3C2=O)C2=CC=C(O)C=C2)[C@H](O)[C@H](O)[C@H]1O,Kaempferol 3-O-rhamnoside,431.37,C21H19O10,0.15109999999999946,431.3729999999999,31,10,5,9,0,4
225,OCC1OC(OC2=CC3=C(C(O)=C2)C(=O)C(OC2OC(COC(=O)CC(O)=O)C(O)C(O)C2O)=C(O3)C2=CC(O)=C(O)C=C2)C(O)C(O)C1O,"Quercetin 3-O-(6""-malonyl-glucoside) 7-O-glucoside",712.563,C30H32O20,-3.0401999999999982,712.5660000000015,50,20,11,20,0,5
226,COC1=C(O)C2=C(OC(=C(OC3OC(COC4OC(CO)C(O)C(O)C4O)C(O)C(O)C3OC3OCC(O)(CO)C3O)C2=O)C2=CC=C(O)C(O)=C2)C=C1O,Patuletin 3-O-glucosyl-(1->6)-[apiosyl(1->2)]-glucoside,788.657,C33H40O22,-4.241199999999997,788.6610000000016,55,22,13,25,0,6
227,COC1=CC(=CC=C1O)C1=C(OC2OC(COC3OC(CO)C(O)C(O)C3O)C(O)C(O)C2OC2OCC(O)(CO)C2O)C(=O)C2=C(O1)C=C(O)C(OC)=C2O,Spinacetin 3-O-glucosyl-(1->6)-[apiosyl(1->2)]-glucoside,802.684,C34H42O22,-3.938199999999997,802.6880000000018,56,22,12,26,0,6
228,[H][C@@]1(O[C@]2([H])[C@@]([H])(O)[C@]([H])(O)[C@@]([H])(CO[C@]3([H])O[C@]([H])(CO)[C@@]([H])(O)[C@]([H])(O)[C@@]3([H])OC(=O)\C=C\C3=CC(OC)=C(O)C=C3)O[C@@]2([H])OC2=C(OC3=C(C(O)=C(OC)C(O)=C3)C2=O)C2=CC=C(O)C(O)=C2)OC[C@](O)(CO)[C@@]1([H])O,Patuletin 3-O-(2''-feruloylglucosyl)(1->6)-[apiosyl(1->2)]-glucoside,964.826,C43H48O25,-2.2626999999999957,964.8320000000018,68,25,13,30,0,7
229,[H][C@@]1(O[C@@]2([H])[C@]([H])(OC3=C(OC4=CC(O)=C(OC)C(O)=C4C3=O)C3=CC=C(O)C(OC)=C3)OC(CO[C@]3([H])O[C@@]([H])(CO)[C@@]([H])(O)[C@]([H])(O)[C@@]3([H])OC(=O)\C=C\C3=CC=C(O)C=C3)[C@@]([H])(O)[C@]2([H])O)OC[C@](O)(CO)[C@@]1([H])O,"Spinacetin 3-O-(2""-p-coumaroylglucosyl)(1->6)-[apiosyl(1->2)]-glucoside",948.827,C43H48O24,-1.9682999999999997,948.8330000000019,67,24,12,29,0,7
230,[H][C@@]1(O[C@@]2([H])[C@]([H])(OC3=C(OC4=CC(O)=C(OC)C(O)=C4C3=O)C3=CC=C(O)C(OC)=C3)OC(CO[C@]3([H])O[C@@]([H])(CO)[C@@]([H])(O)[C@]([H])(O)[C@@]3([H])OC(=O)\C=C\C3=CC(OC)=C(O)C=C3)[C@@]([H])(O)[C@]2([H])O)OC[C@](O)(CO)[C@@]1([H])O,"Spinacetin 3-O-(2""-feruloylglucosyl)(1->6)-[apiosyl(1->2)]-glucoside",978.853,C44H50O25,-1.9596999999999984,978.859000000002,69,25,12,31,0,7
231,COC1=CC(=CC=C1O)C1=C(OC2OC(COC3OC(CO)C(O)C(O)C3O)C(O)C(O)C2O)C(=O)C2=C(O1)C=C(O)C(OC)=C2O,Spinacetin 3-O-glucosyl-(1->6)-glucoside,670.57,C29H34O18,-2.4031,670.5730000000016,47,18,10,21,0,5
232,[H][C@@]1(OC2=CC=C(C=C2OC)C2=C(OC)C(=O)C3=C(O2)C=C(O)C(OC)=C3O)O[C@]([H])(C(O)=O)[C@@]([H])(O)[C@]([H])(O)[C@@]1([H])O,Jaceidin 4'-O-glucuronide,536.439,C24H24O14,0.16799999999999982,536.4420000000013,38,14,6,15,0,4
233,[H][C@@]1(OC2=CC=C(C=C2O)C2=C(OC)C(=O)C3=C(O)C4=C(OCO4)C=C3O2)O[C@]([H])(C(O)=O)[C@@]([H])(O)[C@]([H])(O)[C@@]1([H])O,"5,3',4'-Trihydroxy-3-methoxy-6:7-methylenedioxyflavone 4'-O-glucuronide",520.396,C23H20O14,-0.12050000000000055,520.3990000000005,37,14,6,11,0,5
234,[H][C@@]1(OC2=CC=C(C=C2OC)C2=C(OC)C(=O)C3=C(O)C4=C(OCO4)C=C3O2)O[C@]([H])(C(O)=O)[C@@]([H])(O)[C@]([H])(O)[C@@]1([H])O,"5,4'-Dihydroxy-3,3'-dimethoxy-6:7-methylenedioxyflavone 4'-O-glucuronide",534.423,C24H22O14,0.18249999999999955,534.4260000000012,38,14,5,12,0,5
235,[H][C@]1(CO)O[C@@]([H])(OC[C@@]2([H])O[C@@]([H])(OC3=C(OC4=CC(O)=CC(O)=C4C3=O)C3=CC=C(O)C=C3)[C@]([H])(O)[C@@]([H])(O)[C@]2([H])O)[C@]([H])(O)[C@@]1([H])O,Kaempferol 3-O-xylosyl-glucoside,580.492,C26H28O15,-1.7812000000000008,580.4950000000015,41,15,9,16,0,5
236,[H][C@]1(COC(C)=O)O[C@@]([H])(OC2=C(OC3=CC(O)=CC(O)=C3C2=O)C2=CC=C(O)C=C2)[C@]([H])(O)[C@@]([H])(O)[C@]1([H])O,Kaempferol 3-O-acetyl-glucoside,490.414,C23H22O12,0.3262999999999994,490.4169999999999,35,12,6,12,0,4
237,C[C@@H]1O[C@@H](OC[C@H]2O[C@@H](OC3=C(OC4=CC(O)=CC(O)=C4C3=O)C3=CC(O)=C(O)C=C3)[C@H](O[C@@H]3OC[C@@H](O)[C@H](O)[C@H]3O)[C@@H](O)[C@@H]2O)[C@H](O)[C@H](O)[C@H]1O,Quercetin 3-O-xylosyl-rutinoside,742.632,C32H38O20,-3.2238,742.6360000000018,52,20,12,21,0,6
238,[H][C@@]1(C)O[C@@]([H])(O[C@]2([H])[C@@]([H])(O)[C@]([H])(C)O[C@@]([H])(OC[C@@]3([H])O[C@@]([H])(OC4=C(OC5=CC(O)=CC(O)=C5C4=O)C4=CC=C(O)C=C4)[C@]([H])(O)[C@@]([H])(O)[C@]3([H])O)[C@]2([H])O)[C@]([H])(O)[C@]([H])(O)[C@@]1([H])O,Kaempferol 3-O-xylosyl-rutinoside,740.659,C33H40O19,-2.5408999999999993,740.6640000000019,52,19,11,21,0,6
239,OC[C@H]1OC(OC2=CC(O)=C3C(=O)C([O-])=C(OC3=C2)C2=CC=C(O)C=C2)[C@H](O)[C@@H](O)[C@@H]1O,Kaempferol 7-O-glucoside,447.369,C21H19O11,-0.8765000000000003,447.3719999999999,32,11,6,10,0,4
240,CC1OC(OC2=CC(O)=C3C(=O)C(OC4OC(CO)C(O)C(O)C4O)=C(OC3=C2)C2=CC=C(O)C=C2)C(O)C(O)C1O,Kaempferol 3-O-galactoside 7-O-rhamnoside,594.518,C27H30O15,-1.7438000000000013,594.5220000000015,42,15,9,16,0,5
241,[H][C@@]1(C)O[C@@]([H])(OC2=CC(O)=C3C(=O)C(O[C@]4([H])O[C@]([H])(COC(C)=O)[C@]([H])(O)[C@]([H])(O)[C@@]4([H])O)=C(OC3=C2)C2=CC=C(O)C=C2)[C@]([H])(O)[C@]([H])(O)[C@@]1([H])O,Kaempferol 3-O-(6''-acetyl-galactoside) 7-O-rhamnoside,636.555,C29H32O16,-1.1730000000000014,636.5590000000016,45,16,8,17,0,5
242,C[C@@H]1O[C@@H](OC2=CC(O)=C3C(=O)C(O[C@@H]4O[C@H](CO)[C@H](O)[C@H](O)[C@H]4O)=C(OC3=C2)C2=CC(O)=C(O)C=C2)[C@H](O)[C@H](O)[C@H]1O,Quercetin 3-O-galactoside 7-O-rhamnoside,610.518,C27H30O16,-2.038200000000001,610.5210000000015,43,16,10,17,0,5
243,CC1OC(OC2=CC3=C(C(O)=C2)C(=O)C(OC2OC(COC(C)=O)C(O)C(O)C2O)=C(O3)C2=CC=C(O)C(O)=C2)C(O)C(O)C1O,Quercetin 3-O-(6''-acetyl-galactoside) 7-O-rhamnoside,652.554,C29H32O17,-1.4674000000000011,652.5580000000016,46,17,9,18,0,5
244,[H][C@@]1(C)O[C@@]([H])(OC2=CC(O)=C3C(=O)C(O[C@]4([H])O[C@]([H])(CO)[C@]([H])(O)[C@]([H])(O)[C@@]4([H])O[C@]4([H])O[C@@]([H])(C)[C@]([H])(O)[C@@]([H])(O)[C@@]4([H])O)=C(OC3=C2)C2=CC=C(O)C=C2)[C@]([H])(O)[C@]([H])(O)[C@@]1([H])O,Kaempferol 3-O-(2''-rhamnosyl-galactoside) 7-O-rhamnoside,740.659,C33H40O19,-2.8919999999999964,740.6640000000017,52,19,11,21,0,6
245,[H][C@@]1(C)O[C@@]([H])(OC2=CC(O)=C3C(=O)C(O[C@]4([H])O[C@]([H])(COC(O)=O)[C@]([H])(O)[C@]([H])(O)[C@@]4([H])O[C@]4([H])O[C@@]([H])(C)[C@]([H])(O)[C@@]([H])(O)[C@@]4([H])O)=C(OC3=C2)C2=CC=C(O)C=C2)[C@]([H])(O)[C@]([H])(O)[C@@]1([H])O,Kaempferol 3-O-(2''-rhamnosyl-6''-acetyl-galactoside) 7-O-rhamnoside,784.669,C34H40O21,-2.189699999999996,784.6730000000016,55,21,11,21,0,6
246,OC1=CC=C(C=C1)C1=C(O)C(=O)C2=C(O1)C(O)=C(O)C(O)=C2O,"6,8-Dihydroxykaempferol",318.235,C15H10O8,1.6936000000000004,318.23699999999985,23,8,6,7,0,3
247,[H][C@]1(CO)O[C@@]([H])(OC2=C(OC3=CC(O)=CC(O)=C3C2=O)C2=CC(OC)=C(O)C=C2)[C@]([H])(O)[C@@]([H])(O)[C@@]1([H])O,Isorhamnetin 3-O-galactoside,478.403,C22H22O12,-0.23590000000000022,478.4059999999999,34,12,7,13,0,4
248,C[C@@H]1O[C@@H](O[C@H]2[C@H](C)O[C@@H](OC[C@H]3O[C@@H](OC4=C(OC5=CC(O)=CC(O)=C5C4=O)C4=CC(O)=C(O)C=C4)[C@H](O)[C@@H](O)[C@H]3O)[C@H](O)[C@@H]2O)[C@H](O)[C@H](O)[C@H]1O,Quercetin 3-O-rhamnosyl-rhamnosyl-glucoside,756.659,C33H40O20,-2.8352999999999997,756.6630000000018,53,20,12,22,0,6
249,[H][C@@]1(C)O[C@@]([H])(OC[C@@]2([H])O[C@@]([H])(OC3=C(OC4=CC(O)=CC(O)=C4C3=O)C3=CC=C(O)C=C3)[C@]([H])(O)[C@@]([H])(O)[C@]2([H])O)[C@]([H])(O[C@]2([H])O[C@@]([H])(C)[C@]([H])(O)[C@@]([H])(O)[C@@]2([H])O)[C@]([H])(O)[C@@]1([H])O,Kaempferol 3-O-rhamnosyl-rhamnosyl-glucoside,740.659,C33H40O19,-2.5408999999999993,740.6640000000018,52,19,11,21,0,6
250,COC1=C(OC2=CC(O)=CC(O)=C2C1=O)C1=CC=CC=C1,Methylgalangin,284.263,C16H12O5,2.8798000000000012,284.26699999999977,21,5,2,5,0,3
251,[H][C@]1(CO)O[C@@]([H])(OC2=CC=C(C=C2)C2=C(O[C@]3([H])O[C@]([H])(CO)[C@@]([H])(O)[C@]([H])(O)[C@@]3([H])O)C(=O)C3=C(O)C=C(O[C@]4([H])O[C@]([H])(CO)[C@@]([H])(O)[C@]([H])(O)[C@@]4([H])O)C=C3O2)[C@]([H])(O)[C@@]([H])(O)[C@]1([H])O,"Kaempferol 3,7,4'-O-triglucoside",772.658,C33H40O21,-5.298299999999988,772.6620000000019,54,21,13,23,0,6
252,COC1=C(OC)C=C(C=C1)C1=C(OC)C(=O)C2=C(O1)C(OC)=C(OC)C(OC)=C2OC,3-Methoxynobiletin,432.421,C22H24O9,3.5202000000000027,432.4249999999998,31,9,0,15,0,3
253,COC1=C(OC)C=C(C=C1)C1=C(OC)C(=O)C2=C(OC)C(OC)=C(OC)C=C2O1,3-Methoxysinensetin,402.395,C21H22O8,3.5116000000000023,402.3989999999998,29,8,0,13,0,3
254,OC1=CC=C(C=C1)C1=COC2=C(C=CC(O)=C2)C1=O,Daidzein,254.238,C15H10O4,2.871200000000001,254.24100000000004,19,4,2,3,0,3
255,COC1=CC=C(C=C1)C1=COC2=C(C=CC(O)=C2)C1=O,Formononetin,268.264,C16H12O4,3.1742000000000017,268.26799999999974,20,4,1,4,0,3
256,OC1=CC=C(C=C1)C1=COC2=CC(O)=CC(O)=C2C1=O,Genistein,270.237,C15H10O5,2.576800000000001,270.2399999999998,20,5,3,4,0,3
257,COC1=CC=C(C=C1)C1=COC2=CC(O)=CC(O)=C2C1=O,Biochanin A,284.263,C16H12O5,2.8798000000000017,284.26699999999977,21,5,2,5,0,3
258,COC1=C(O)C=C2OC=C(C(=O)C2=C1)C1=CC=C(O)C=C1,Glycitein,284.263,C16H12O5,2.8798000000000004,284.26699999999977,21,5,2,5,0,3
259,COC1=C(O[C@@H]2O[C@H](CO)[C@@H](O)[C@H](O)[C@H]2O)C=C2OC=C(C(=O)C2=C1)C1=CC=C(O)C=C1,Glycitin,446.404,C22H22O10,0.35289999999999994,446.40799999999984,32,10,5,11,0,4
260,CC(=O)OC[C@H]1O[C@@H](OC2=CC3=C(C=C2)C(=O)C(=CO3)C2=CC=C(O)C=C2)[C@H](O)[C@@H](O)[C@@H]1O,6''-O-Acetyldaidzin,458.415,C23H22O10,0.9150999999999994,458.41899999999987,33,10,4,10,0,4
261,O[C@H]1[C@H](O)[C@@H](COC(=O)CC(O)=O)O[C@@H](OC2=CC(O)=C3C(OC=C(C3=O)C3=CC=C(O)C=C3)=C2)[C@@H]1O,6''-O-Malonylgenistin,518.424,C24H22O13,0.07550000000000001,518.4270000000004,37,13,6,12,0,4
262,OC[C@H]1O[C@@H](OC2=CC3=C(C=C2)C(=O)C(=CO3)C2=CC=C(O)C=C2)[C@H](O)[C@@H](O)[C@@H]1O,Daidzin,416.378,C21H20O9,0.34429999999999966,416.38199999999983,30,9,5,9,0,4
263,OC[C@H]1O[C@@H](OC2=CC(O)=C3C(=O)C(=COC3=C2)C2=CC=C(O)C=C2)[C@H](O)[C@@H](O)[C@@H]1O,Genistin,432.378,C21H20O10,0.049899999999999556,432.38099999999986,31,10,6,10,0,4
264,CC(=O)OC[C@H]1O[C@@H](OC2=CC(O)=C3C(OC=C(C3=O)C3=CC=C(O)C=C3)=C2)[C@H](O)[C@@H](O)[C@@H]1O,6''-O-Acetylgenistin,474.414,C23H22O11,0.6206999999999994,474.4179999999999,34,11,5,11,0,4
265,COC1=CC2=C(OC=C(C2=O)C2=CC=C(O)C=C2)C=C1O[C@@H]1O[C@H](COC(C)=O)[C@@H](O)[C@H](O)[C@H]1O,6''-O-Acetylglycitin,488.441,C24H24O11,0.9236999999999993,488.4449999999999,35,11,4,12,0,4
266,O[C@H]1[C@H](O)[C@@H](COC(=O)CC(O)=O)O[C@@H](OC2=CC3=C(C=C2)C(=O)C(=CO3)C2=CC=C(O)C=C2)[C@@H]1O,6''-O-Malonyldaidzin,502.424,C24H22O12,0.36989999999999973,502.42799999999994,36,12,5,11,0,4
267,COC1=C(O[C@@H]2O[C@H](COC(=O)CC(O)=O)[C@@H](O)[C@H](O)[C@H]2O)C=C2OC=C(C(=O)C2=C1)C1=CC=C(O)C=C1,6''-O-Malonylglycitin,532.45,C25H24O13,0.3785000000000002,532.4540000000011,38,13,5,13,0,4
268,CC(C)(C)NC(=O)C1CN(CCN1CC(CC(CC2=CC=CC=C2)C(=O)NC3C(CC4=CC=CC=C34)O)O)CC5=CN=CC=C5,Indinavir,613.8,C36H47N5O4,2.866900000000004,613.803000000002,45,7,4,13,2,5
269,CC1=C(C(=CC=C1)C)OCC(=O)NC(CC2=CC=CC=C2)C(CC(CC3=CC=CC=C3)NC(=O)C(C(C)C)N4CCCNC4=O)O,Lopinavir,628.8,C37H48N4O5,4.328140000000004,628.8140000000022,46,5,4,20,4,4
270,CC(C)(C)C(C(=O)NC(CC1=CC=CC=C1)C(CN(CC2=CC=C(C=C2)C3=CC=CC=N3)NC(=O)C(C(C)(C)C)NC(=O)OC)O)NC(=O)OC,Atazanavir,704.9,C38H52N6O7,4.2116000000000025,704.8690000000023,51,9,5,17,4,3
271,CC(C)(C)NC(=O)C1CC2CCCCC2CN1CC(C(CC3=CC=CC=C3)NC(=O)C(CC(=O)N)NC(=O)C4=NC5=CC=CC=C5C=C4)O,Saquinavir,670.8,C38H50N6O5,3.0924000000000027,670.8550000000021,49,7,5,13,4,5
272,CC(C)C1=NC(=CS1)CN(C)C(=O)NC(C(C)C)C(=O)NC(CC2=CC=CC=C2)CC(C(CC3=CC=CC=C3)NC(=O)OCC4=CN=CS4)O,Ritonavir,720.9,C37H48N6O5S2,5.905200000000007,720.9620000000021,50,9,4,23,4,4
273,CC1=C(C=CC=C1O)C(=O)NC(CSC2=CC=CC=C2)C(CN3CC4CCCCC4CC3C(=O)NC(C)(C)C)O,Nelfinavir,567.8,C32H45N3O4S,4.747620000000005,567.7960000000021,40,6,4,12,2,4
274,CC(C)CN(CC(C(CC1=CC=CC=C1)NC(=O)OC2COC3C2CCO3)O)S(=O)(=O)C4=CC=C(C=C4)N,Darunavir,547.7,C27H37N3O7S,2.3752999999999997,547.6740000000017,38,8,3,15,1,4
275,CCCC1(CC(=C(C(=O)O1)C(CC)C2=CC(=CC=C2)NS(=O)(=O)C3=NC=C(C=C3)C(F)(F)F)O)CCC4=CC=CC=C4,Tipranavir,602.7,C31H33F3N2O5S,7.325500000000007,602.6750000000013,42,6,2,14,0,4
276,CC(C)CN(CC(C(CC1=CC=CC=C1)NC(=O)OC2CCOC2)O)S(=O)(=O)C3=CC=C(C=C3)N,Amprenavir,505.6,C25H35N3O6S,2.4028,505.6369999999996,35,7,3,15,1,3
277,CC(C)CN(CC(C(CC1=CC=CC=C1)NC(=O)OC2CCOC2)OP(=O)(O)O)S(=O)(=O)C3=CC=C(C=C3)N,Fosamprenavir,585.6,C25H36N3O9PS,2.5198,585.6160000000016,39,10,4,18,1,3
278,CN(C)CCCSC1=CC=CC=C1NC(=O)C=CC2=CC=CC=C2,Cinanserine,340.5,C20H24N2OS,4.382300000000003,340.4919999999996,24,3,1,10,1,2
